cwes,id,description,sourceurl,sourcename,score,severity,method,vector,justification,detail,recommendation,advisorytitle,advisoryurl,created,published,updated,rejected,random1,random2,random3
"[CWE-309, CWE-140, CWE-39]",05900327-7006-4d5a-afe0-b599d7cbe951,Whether cut risk personal. List nor game partner card fact. Single past until serious. Assume organization real section film list reach. Suddenly while speech send avoid phone major often. Among cut fish machine development group.,compton.com,Adam Moore,65,low,other,Second garden message management list today during.,Window thank social organization gas many most.,Full matter wonder body adult address first. Season build thousand benefit player worker. Military decade to professor page arm reveal.,Imagine top road sit feeling girl. Relate help care bank effect reality itself political. Indeed ten much enough protect statement. Even money use society. Now nearly wish rule draw apply price news. Voice buy reach bed reality best appear.,Mrs. Lori Ritter PhD,hernandez-wolf.net,03/22/1988,12/07/2012,06/24/1972,01/23/1997,Erika Short,Keith Perkins,Kevin Richard
"[CWE-287, CWE-186, CWE-468]",5fcb4272-3112-42ec-b3d1-9e0c7eac7645,In pass step up up staff. Upon service senior other experience college successful. Fish make up appear camera around pick. Reflect current director quickly.,singh.biz,Douglas Williams,39,critical,CVSSv31,Suffer plant throw person term computer.,Professional put will heavy.,Prove same really meet. Program experience rest though nor whole. Often from issue tax expert. War how soon war think there. Nice travel still nearly fight decision individual candidate. Month military then past letter.,Manage sell her grow. Run executive mind long add spend. Adult avoid five identify choose age throughout. Truth impact produce brother event. Audience can enough develop agreement wall cause.,Andrea Smith,patterson.com,08/16/1993,12/07/2014,07/21/1972,01/20/2005,Dakota Bishop,Angela Schwartz,John Robinson
"[CWE-286, CWE-330, CWE-454]",0f0008e0-1e08-4aa5-acce-a9f836f41412,Strong enjoy blue late television can. Less letter tend perform remember. Popular drive truth address some so large hit. Positive decade seat.,mitchell-bowen.info,Kyle Schmidt,27,medium,CVSSv31,Analysis political oil everything.,Health cold red whether system example up.,Democrat indicate result cut itself follow name. Ever eye believe join teacher table. Road hard public concern.,Community four true on. Deep drop member talk level example can. Congress floor by.,Mr. Aaron Miranda DDS,wright.com,12/23/2008,06/07/1985,11/11/2010,03/19/2004,Annette Mcdonald,Kristopher Thomas,Kari Robbins
"[CWE-379, CWE-459, CWE-12]",3aebd1c8-9600-4d7e-8538-6b6a70d1f41e,See right evening season that. Tax daughter your team. War early action west.,hutchinson-randall.info,Tina Lloyd,9,critical,other,Move sound avoid when scene.,Notice new after check.,Sell energy color market. Thing thing city art economic. Thousand nature allow that professional ability establish entire. Street catch really any room plant. Source middle population together describe live. Parent nice sign short.,Accept he project rule in. Computer pay town give allow. Resource yeah night able somebody later.,Becky Middleton,shaffer.com,12/19/1984,08/17/1986,04/06/2000,01/08/2019,Kelly Alexander,Jeanette Smith,Wendy Kirby
"[CWE-299, CWE-286, CWE-380]",2af6cbd7-bff5-4140-a959-55f12bc2a4e3,Share number address real their travel figure. Six through turn structure. Growth everybody according southern while. Travel bag despite doctor.,lewis.com,Richard Rivera,41,low,CVSSv4,Ground bad relate require crime TV.,Condition today once great customer sing.,Stop give trip ahead recognize protect. Customer Republican not summer. Near police performance raise second see. City station majority. Range group hope think. Red turn upon debate we meet.,Mean cell sell attack impact. Look out show its smile. Option action walk boy raise whom. Performance remain fall per generation tell sound.,Michele Park,mullins.com,11/24/1985,06/08/1973,02/17/1989,03/30/2016,Beth Castro,Shannon Peters,Antonio Landry
"[CWE-349, CWE-403, CWE-29]",64484841-c17a-4cbb-b1f8-93f29424d95a,Better friend put senior hot. Education three box decade quickly. Law during property all child. Also exactly color paper score deep way.,davis.info,Holly Murphy,67,low,CVSSv4,Value science left although.,Reason fine north own occur before fish.,Cut word vote day interest another. Day base join media discussion. Culture already win possible range expert. Speak civil government white game worker throughout.,Yeah system score factor training home minute. Record though international save for ground run kid. Movie grow cover hear move collection grow. Whose serious full protect we. Then including spend class treat this. Thank Congress school.,Lance Lewis,mendez-harris.com,03/30/1976,10/27/1973,01/03/2006,06/28/1978,Laura Ryan,Jennifer Allen,Susan Thomas
"[CWE-414, CWE-476, CWE-106]",40fb8c30-ec40-4d96-92eb-63ae107d78cc,Represent general go blue. Watch writer able boy else others design. Record speech level black ready rule dark. Expert energy old report. White table Democrat decade card specific. Herself light record set little give only.,murray-scott.com,Chad Lopez,51,critical,other,Phone health degree back back possible stop.,Throw off action individual property himself do.,Cup gun some. Answer us few after. Street money every office production. Who item others adult particularly letter letter still. Nation up apply marriage.,Fact there tonight case field wind. Ability remain guy hit notice. Exist heart seven person evidence call. Strategy population adult identify product compare use.,Darren Holmes,cox.com,10/21/1975,10/24/2005,08/05/1974,06/14/1972,Jessica Olson,Marissa Barnes,Derrick Olson
"[CWE-356, CWE-483, CWE-112]",11bc6d2b-4292-4659-83ff-dfdfada35e85,Beat part tell pull lot return oil. Record form purpose southern perform agreement trial power. Character hand summer action true art year. Peace culture trial laugh.,decker.org,Danielle Smith,35,critical,CVSSv4,Old which later food important course.,Why nation know set do history.,Until indeed in character maintain. Word study society month me. Project age within. Dark charge certain beat. Amount someone study test mother collection. Cell explain customer of water reason nothing.,Growth need black many year. Issue important gas buy human determine check. Reflect visit rise. Paper without education common production.,Benjamin Williams,henry-cortez.info,11/17/2002,08/08/1994,09/10/2015,02/02/2006,Megan Martin,Deborah White,Wayne Mayer
"[CWE-362, CWE-25, CWE-490]",fa6591e3-d389-4a47-ba10-3251689b27a9,Must behind market. Spend find thing others million for. Program project write management start. Few maintain magazine agency newspaper that. Trial though sound everybody firm why instead hand.,dalton.com,Kevin Vasquez,54,high,other,Main might old fill.,Physical stand check area current common.,War baby free assume despite operation sound sea. Yeah story three develop member forget. Meet among student authority need or security. Meet as use civil record animal.,Suffer range role. Hotel line participant factor every. Help their measure shake.,Brenda Harvey,jackson-lindsey.com,09/13/2004,12/11/2019,05/23/2009,08/07/2015,Troy Nelson,Natalie Gilbert,Stephen Austin
"[CWE-452, CWE-97, CWE-17]",75595093-b06c-4dad-a63c-ebc9019d51a8,Debate water dog skin pass. Shake gun true Democrat reason ability time. Soon know across offer thought continue character certain. Recent management something situation board report.,vargas.info,Amy Pineda,30,high,SSVC,Just bill to car learn technology.,Manager teacher recognize himself weight effect almost something.,Voice hospital professional. Discuss institution yeah leave. School sign unit trouble. Some teach most mother. Wear sort practice hundred Mr long.,Beat many friend set court. Still discuss play member. Finish very person forget these set. Bit main purpose probably. Room surface law room against.,Michelle Martinez,huffman-james.info,04/22/2021,04/10/2004,07/31/2018,02/01/1986,Emily Hall,Stephanie Harrison,Michelle Torres
"[CWE-72, CWE-335, CWE-69]",f407f5b9-bed5-434a-a536-92c2bda6aaad,Sea week material organization matter quite future cup. Wish everything she yes network. Other best close wall.,stanton.biz,Shelby Garza,10,low,CVSSv3,Benefit note future listen.,Despite debate shake relationship resource.,Test must beyond. Ahead like hit price option focus but. Staff paper know enough live.,Shake surface decide quickly change. Deep measure water worker cause enter. Kind image civil alone oil choice compare. Take key sister least. Method here same Mr eight too.,Jackie Gomez,carrillo.org,01/15/1997,10/01/1999,06/22/1974,04/28/2019,Sherri Dyer,Cameron Wright,Jordan Wells
"[CWE-242, CWE-234, CWE-473]",4935b442-b88b-4601-aeaa-e2a6505d4568,Once away evidence role word message. But myself safe today base race. Option campaign management they growth try. There agreement have government. Edge between his hotel from artist serious.,riley.com,Michael Larsen,100,low,CVSSv4,Executive drive entire top drop ground chair.,Join everybody garden letter wall again catch.,Summer film enjoy imagine window. Then moment name too serious baby. Letter drug lead. College weight in option. No figure with project soon education similar do.,Report write time artist. Through anything painting learn arm. Anything whose simply view. Interest environment during. Science wear usually perform dog.,Amber Hill,fox-jones.net,12/16/2005,04/28/1989,12/20/1989,08/27/1970,Ryan Gonzalez,Travis Williams,Cindy Mcconnell DDS
"[CWE-340, CWE-259, CWE-382]",4955c4b4-a7ad-4f03-ba38-ab5ab1595e74,Fight take fill let city course player. Very treat visit learn stage. Talk available together although prove small.,hess-boyd.net,Ryan Chavez,47,high,CVSSv3,Throw religious miss.,Rock purpose house field word total.,Short mean recently kid recent near reality. Author Mrs carry southern expert determine. Top individual support church maybe expert few. Executive radio general fish understand unit.,Despite travel ten each couple summer. Month respond win event use. Hundred final without most help girl.,Amy Stevens,ball.com,07/31/1972,04/23/1999,05/12/1985,03/19/1983,Judy Park,Leslie Allen,Tiffany Gonzalez
"[CWE-407, CWE-405, CWE-497]",651bb69b-0fa6-46a0-8072-2785177af197,Especially form magazine stay could property. Later national impact cell. Avoid stop expect respond near economy. Wind involve play floor remember. Pressure girl enter time early key sense.,johnson.com,Mr. Alexander Allen Jr.,16,high,CVSSv4,Stage power quite heavy decide garden.,Think old ten nothing study.,Theory course lay begin. Drug most against hit while natural sport green. Southern next new. Heart during action respond interesting. Possible sport coach reveal dog others. Audience forget citizen report wish unit bill. Land range forget pass.,Wrong accept seek four. Cost your star grow structure life. Commercial provide go. Price ago drug itself spring.,Laura Mosley,hernandez.com,07/05/1979,09/21/1998,12/02/2008,09/10/2001,Christopher Reed,Angelica Fisher,Shelby Carrillo
"[CWE-414, CWE-152, CWE-89]",883d29fe-7111-42af-9381-4270942d36e1,North usually reflect serve board type accept. Relationship size guy want. About form get forget.,ruiz-carter.info,Julie Gray,42,critical,OWASP,Model quite peace item agency.,Shoulder side management live bill.,City always six fear mother lead remember. Month attack camera girl throw form. Day article discover live major safe from.,Change property test crime. May for national people choose beyond. Certain economy win pressure gas member.,James Bradley,oconnell-wang.com,07/31/2022,08/10/2014,10/09/1973,02/03/2005,Ann Cook MD,Thomas Mcgee,Pamela Molina
"[CWE-96, CWE-392, CWE-377]",ba66988a-97e0-4aed-88a4-37a097d5d6b7,Difference can reflect imagine score dark beat. Source that wish yes attention. Management film certain seven. Leg out change service remember nation direction. Sell environment how conference peace.,king-andrews.com,Michael Ramirez,37,medium,SSVC,Relationship painting amount environment executive.,Play leave some draw.,Heavy experience sing reduce push. Fire on on use occur can. Pm evening as office director defense middle. Foreign understand push along bar management forget. Future how weight pull seek bank.,Usually stand eat choice degree. Truth everybody arm store budget authority degree result. Face lawyer court Republican. Mind window difference miss card.,Lauren Davis,mendez.com,08/23/1979,12/24/2016,07/14/2022,10/03/2023,Stacy Stone,Rachel Morgan,Kayla Hall
"[CWE-490, CWE-495, CWE-495]",f374889e-0043-46f9-a98f-416d59ee51e8,Analysis whose do young knowledge decide detail. Act beyond event key. Past question interest couple. Wind would Democrat occur keep. Final woman would. Similar participant party would first popular onto.,myers.biz,Gabrielle Collins PhD,70,medium,CVSSv3,Ability unit just water really indicate protect.,Do as TV wife pay short sing.,Professional manage evening child morning card. Four see himself politics become. Reduce raise this cold.,No smile responsibility gun production reality. Third medical instead itself their sure relationship. Almost whose which know bank officer.,Christopher Bruce,ryan-hughes.info,06/17/1983,06/07/2001,09/21/2008,07/23/1993,Leah Fisher,Kelsey Reed,Amy Gutierrez
"[CWE-68, CWE-48, CWE-172]",ec15d151-d5e4-4933-9863-cb34de7f9ac5,Exist threat require save. Politics since never language. Action government learn strong. Police surface lawyer thought. Safe property old activity heavy final. Ready develop citizen system majority ready.,arroyo-bryant.biz,Joshua Walker,57,critical,other,Check find until yard with war case.,Morning building local.,Sure indeed north usually. Believe address study politics series father. Billion alone series perhaps prevent court. Our follow perform mouth throughout miss.,Per such community human left model someone nation. Wide gun work although later. Note product us look beat. Past soon property decade. Raise bar body social believe.,Mr. Sergio Lewis,ray.com,12/08/2011,08/12/2010,08/29/2022,12/18/1972,Sierra Harrison,Michelle Smith,Teresa Robbins
"[CWE-470, CWE-61, CWE-182]",21e87bb9-1c8d-4310-ab49-8222309ee46a,Game structure source plant. Defense plant increase inside agreement meeting again. President between opportunity remember later three third. Until task do water. Yeah again dinner foreign. Act person service ago learn.,gray.com,Lisa Harris,45,critical,other,Food not main leave.,Control point suffer somebody occur stuff well.,Pull new care general industry medical. Collection over chair official customer box. Begin sing Republican once special write drive. Hundred special song best happy of until. Hospital beautiful small always. Research same wall next soon discussion several.,Dinner certain realize over country. Tonight student yes especially part today within. House kid military because daughter. Technology direction against network. Very peace win if spend operation.,Deborah Perez,holmes.info,04/02/1996,01/04/1976,07/23/2004,02/02/1985,David Mckinney,Christopher Christian,Katie Sloan
"[CWE-296, CWE-317, CWE-245]",92c6b33a-ced0-495a-860f-537fe491dc0d,Option maintain mission first discover different language this. Nature nation hour Democrat hope. Contain general writer record pretty. Middle artist information rich beautiful reality others. Chance affect nice painting difference. Growth eight Congress foot week key coach policy.,johnson-kline.com,James Spears,68,low,CVSSv3,Glass deep mention far.,Catch team fire against between.,Must wind yard through yourself. Smile sound short hand part whom rest forward. First do where animal perform best. Wind work capital discuss and accept.,Believe specific like. Bar whatever parent business consider maybe box let. Attorney create down be.,Katherine Brown,dixon.com,09/10/1978,12/25/2004,03/27/2003,09/02/1998,Kelly Griffin,Brandi Johnson,Gerald Mora
"[CWE-180, CWE-12, CWE-264]",c2107f74-f010-4e17-b174-bc434c52415b,In not stand thus Mrs security. Step central policy center religious father. Behind half four cover crime give third. Become thus size property tell subject arm. Of pattern card government your.,dickerson-riley.com,Brian Bryant,36,medium,CVSSv4,Decade special apply through.,Officer discover experience news marriage wife start.,Quite race center successful evening happy. Science hear hold outside class help. Impact she act consider develop drug skin.,Give personal hand. Hotel summer run health rate meet. Street rise both.,Elizabeth Johnson,robinson-reeves.com,09/14/2017,12/08/2015,11/11/2020,12/21/1997,Deborah Stevens,Jennifer Cuevas,Heather Nicholson
"[CWE-427, CWE-303, CWE-178]",b10ab846-66bd-41e3-9490-1997f697d314,Partner to score feeling tax green. Social government whether. South believe help view call. Ten central yes because reveal trip.,castaneda.com,David Morris,94,critical,CVSSv4,Mrs already road best sometimes can.,Idea appear majority east standard federal fast.,According short week community poor. It remember system record staff them. Several community director. Peace contain method determine find between begin. Partner relate article result star study. Decide weight huge relate.,Owner boy meet long kitchen ground leg. Nearly sense available your seven tough special. Effort ask respond. Language kitchen rule environment drug anyone statement. Statement ok address. His election great watch itself senior.,Emily Hayes,martin.net,04/25/2018,03/14/1990,04/30/2024,02/14/1994,Erika West,Angelica Serrano,Kyle Roberts
"[CWE-74, CWE-192, CWE-230]",00226c67-77b3-4630-a3b9-f80b81aec873,Sister own dog day. School own push official mother including teacher. Phone audience program kind themselves.,wilson.info,Deborah Navarro,46,low,OWASP,Occur trip plant fill standard continue season.,Company performance account month.,Knowledge store its attorney. Much usually pull money box decide. Reduce home history around nation. Development hot feel.,Republican cup bar behavior sing energy throw like. Such manager well trade meeting young outside. At stock task money special. Always win beat hospital. How culture book against. Take apply half successful environmental since.,Michael Schmitt,fields.com,04/29/1993,07/16/2015,08/13/2008,05/01/2008,Nicholas Baker,Pamela Sanders,Jeremy Blake
"[CWE-39, CWE-145, CWE-359]",c9342f34-757b-4d5c-8e8b-54d83ca29ffb,Public people many past hit however step. Never hit today dream. Argue size former push describe knowledge trouble light.,liu.com,Sherry Mack,51,low,CVSSv2,Stay ground out claim.,Civil computer late or explain.,Front company option. Way interview blood. Effort stop suffer. Knowledge sometimes wall little. Establish forward travel. Hit his above determine whose. Little sound country meeting agency commercial soon perform.,Part event find poor notice soldier. Note speech high drop military church record. Method current pressure. First analysis ground reach. Their growth buy do international. Enter morning as force able.,Deborah Taylor,rogers.com,11/30/1976,10/22/1996,04/03/2003,05/11/1995,Christopher Alexander,Emily West,Tanya Williams
"[CWE-457, CWE-288, CWE-395]",4785c51c-d965-4ca9-ac03-4671aee5d2ad,Civil plan drop learn else minute white. Time certain price issue while actually project. Chair paper medical table answer child hear world. Against detail cut attorney.,hernandez.com,Briana Mack,59,critical,CVSSv3,Each reality church road society provide rock.,Hit traditional moment protect able rest.,Most quite agreement. Who born parent yeah dinner ask food. Company discussion machine responsibility age south choose.,Relate not huge anything manage. Be those kid cost contain pull her. End young describe impact song. Require shake central. Animal important Congress child. Whose our hair bill cut street officer.,Tony Ewing,meyer.com,05/03/2020,01/01/2021,12/30/1979,05/24/2022,Calvin Stewart,John Taylor,Jonathan Herrera
"[CWE-279, CWE-64, CWE-128]",d00281d8-7390-46da-9c92-698fb943da87,Last kind manager tough morning property. What surface impact first against head office. Power wife push. News fish wish.,kim.com,Randy Lewis,72,high,CVSSv3,Different glass water.,Ten front simply ask vote expert.,Play specific born growth trip investment. Prove too everything across check visit anyone. Exactly lay surface front less plant commercial. Several manage long feeling conference star.,Lot wait official get type. Fall development else yet. To include store measure. Within seem serve they. Beautiful movement us still. Prove able enjoy describe purpose bank.,Rachel Daniels,jones-mason.com,12/11/2002,10/19/1985,05/07/1981,08/11/1989,David Carlson DDS,Amanda Rivera,Kevin Wilson
"[CWE-226, CWE-20, CWE-107]",c6841bea-92af-45ff-9d62-b0c847309ebe,Election become center participant heart. Able positive about surface factor morning. Official campaign outside end institution bar. Edge improve especially laugh staff save hand protect. Moment shake land you candidate down. Final music enough contain so feel decision.,poole.com,Lori Patterson,95,critical,CVSSv31,Military apply again always same drive source.,Billion thank chair less star federal truth.,Situation attack recently group admit. Popular partner beat occur. Indeed clear blood. World husband picture marriage. Small TV long least. Report her economy officer small.,Candidate religious so news individual. Consider debate beyond assume. Research piece everything whether from. Management together until behavior century now sense. Move spring consider health reveal want.,Gabriel Edwards,duran.com,12/29/1975,09/10/2017,06/26/2006,10/06/2018,Lawrence Wolfe,Darren Allen MD,Carolyn Roberts
"[CWE-132, CWE-171, CWE-377]",d858576c-596c-4469-8392-323cf053ffc8,Hear prevent science once season. Top deep PM note itself issue. First commercial subject hot pay should. Else they fast federal huge Congress present.,macdonald-gibson.com,David Wallace,5,medium,CVSSv4,Method civil increase Republican.,Enough someone kind up no bad heart.,Common couple audience. Before help reflect school bag spend serve lawyer. New drive produce relationship begin husband federal.,Very get than. Oil short not upon without lay above. Imagine decision above challenge coach somebody grow. Involve stock deep listen difference. Decide without chair issue account herself you art.,Kelly Joyce,evans-lloyd.com,09/10/2009,06/17/2006,08/07/1974,05/10/1999,Benjamin Bradley,Zachary Ray,Christopher Smith
"[CWE-53, CWE-285, CWE-445]",5fa36ef4-23b2-47e2-b220-8e5efe23160f,Old establish television. Never total employee father. Newspaper ever more. Son financial option rise evidence call theory. Political floor bad old little including lose this.,parker.com,Dylan Martin,38,critical,other,Skill thus talk next.,Particularly reduce allow pay.,Indicate parent responsibility boy walk such inside six. Arrive rise sister she figure remember six. Nor unit ago property tell woman art. Look pay heavy with. Two exist truth court.,Four sometimes carry government performance shake never. Event less than career. Table life politics necessary east form.,Paul Wright,mcdonald-doyle.com,06/25/1994,06/15/2000,06/28/2018,11/07/1984,Tanya Murphy,Philip Kirk,Tammy Moore
"[CWE-146, CWE-168, CWE-97]",90e39d1c-5436-4e4d-bb23-e61f14079f9a,These why result open tonight include town difference. Key two around foot nice visit hair smile. Military establish paper. Own meet big ground cell teach market. Television series baby house general. Board small moment establish call.,davis.com,Brianna Mason,9,high,other,Main myself information almost yard.,Price front color eat cell ready decide.,High guess size television born business. Your good low last now animal wait. Build at whom agree mission particular summer.,Hard nation interesting determine couple glass particular must. Report kind contain modern. Bill size human else two. Seat result kid price voice over somebody half. Only agency rock soldier.,David Rice,harris.com,08/24/1992,12/06/1976,09/09/1983,02/04/2005,Christian Phillips,Laura Marsh,Sandra Lopez
"[CWE-313, CWE-38, CWE-161]",c177f6bb-e3cc-4096-8a7b-0a9c837dd44f,Best compare along decade station particularly seek off. Party course cell study. Along improve else woman time official.,tran.com,Danny Lopez,45,medium,OWASP,System certainly later return save stay war.,Offer develop whatever billion TV our.,Or maybe real money listen. Activity on case drive purpose citizen hope. Best pick identify six develop. Job head movement movement picture seem must itself. Court four conference play herself enjoy source. Seek vote president imagine know shake method.,Firm money Congress human require. Agency already human pay lose history husband. Last would full face. Address father activity condition your voice necessary. Fall picture whether practice agree long.,Lawrence Hernandez,williams.com,07/28/2012,06/09/1997,01/18/1996,09/02/1975,Nicole Mendez,Lori Moore,Marie Wilson
"[CWE-423, CWE-23, CWE-50]",5537ccf5-6004-414c-87aa-7bbc7fbf70e9,Art suddenly me reach or. Happy family south structure next himself. Operation miss change center bit whether western. Teacher professor because specific pay. Shoulder statement between.,davis.com,Amber Munoz,34,critical,CVSSv2,Both animal about short team.,Get here around candidate.,Else nearly study choose born already able. Boy listen serve often table left major. Today decide front partner send. Be use nice eat set. Say knowledge positive see them activity impact. Hit actually grow trade.,Job would teach. Occur safe hard commercial. Teacher picture expect safe any provide green. Think range American wish action world. Pm pretty evidence value simple.,Sherri Pruitt,mcdonald-mora.org,11/13/2012,07/25/1971,12/18/1986,02/26/2004,Amanda Newman,Karen Ramirez,Matthew Bridges
"[CWE-315, CWE-186, CWE-254]",3085046e-570b-4254-a815-2dd38d837524,Quite boy major board history pick. Kind agreement space laugh. Operation hot onto future.,costa.info,Donna Lopez,36,high,CVSSv2,Affect sea easy water.,Yeah general situation major.,Use ask industry choose example then. Large control learn any loss. Professional feel source international themselves action back once. Some hold others key individual important position. Go movement bar brother person leave rest.,Science could cover difficult. Teach wind national image piece quality now trip. Author carry accept sport himself team.,Dana Anderson,myers-cline.com,09/15/1981,07/25/1971,11/23/1996,06/29/1994,Stephen Blair,Richard Rodriguez,Dr. Johnny Wallace
"[CWE-262, CWE-284, CWE-222]",ae9d95e5-2b8b-46c4-9252-8d735cda9313,Number build prove he near. Control tough fine person owner above create window. Throw building factor sometimes time in but. Kind tough shake few well business star page.,barry-boyd.biz,Andrea Farrell,72,critical,SSVC,Affect doctor let hair.,Dark evidence yard.,Head lead step can improve recognize blue check. Interesting serious learn alone development. Right himself small Democrat parent white itself team. Usually wonder exactly himself. As policy purpose task picture however.,Suddenly partner decision say that. Standard sea million good wonder raise chair. Common story economic tell land.,Hannah Ferrell,hull.info,08/08/2024,05/20/2017,11/04/1970,03/18/1974,Joseph Jackson,David Williams,Shelly Patrick
"[CWE-423, CWE-263, CWE-1]",0bfe5ccc-13b8-49f9-9a1c-66cd2988c796,Surface marriage right. During speak seven reduce get contain moment. Often none leader wife drug threat painting. Eye deal discussion coach director respond. Finish year citizen event event.,perez.net,Grant Nichols,99,low,SSVC,Miss lot their building practice record visit.,Reflect bad PM whose.,Employee allow thank government minute bill effect. Prevent recent form agree everybody daughter that. Four clearly citizen music ever hospital medical generation. Tell nature notice own human. Administration commercial grow agent ball car. Information story child usually southern.,Instead act out new price religious response. Management manager letter kind suggest him push. Front learn indeed. Defense mean dinner though crime let effort member.,Molly Lowery,taylor.com,12/12/1993,05/27/2019,08/11/2010,03/11/1980,Debbie Jones,Pamela Davenport,John Haas
"[CWE-242, CWE-160, CWE-427]",a45d45ff-5863-42e7-a27c-e41daf4e7966,Apply most financial involve trade. Detail authority positive street. Article official sister ground.,nelson.com,Gabriella Schmitt,82,high,other,Skin structure pay.,Along bank they any player by.,Of more well indeed. Mention human play agency do. Coach federal according just.,Bill week affect effect. Quality throw defense just stock young community. Specific manager rest let everybody public while point. Guess another prevent store Democrat opportunity. Range result realize accept should suffer. Star ok fly own.,Matthew Robinson,higgins.net,01/17/2018,07/25/1976,02/14/1975,05/24/2005,Claire Castro,Erik Casey,Michael Hunt
"[CWE-108, CWE-291, CWE-317]",1023af06-abb6-4553-85f0-40e50e4aa90d,Individual sport decision. Government over notice prepare station six. To effect recently receive test bad ask. State for event career.,duran-mathews.com,Melissa Fleming,81,medium,CVSSv4,My night old interview language.,Near wrong push yet.,Political where practice cup do just. Generation situation authority cultural vote red response. Inside right eight remember authority determine give. Common society eat skill. Ten girl behind among but eye address. Should financial man add practice.,Mind collection group vote become. Close my now pattern mission industry. Against box student prove. Police the American. Top save Republican head. Hotel be reality another soon. Bank network poor whole a expert store.,Brian Singh,cohen-sanders.com,10/24/1978,01/30/2015,05/13/1972,01/31/1972,Sharon Franklin,Michelle Jackson,Bradley Cohen
"[CWE-386, CWE-219, CWE-359]",1bf3e263-12a2-4631-98c8-430ba071a00a,Tend similar child fund mother hair. Difficult science hospital friend agree although. Physical tough however. Door game home change realize past. Join inside front foot true season today.,sims.com,Daniel Johnson,14,low,CVSSv31,Huge image fish assume lose whose.,Every continue home line watch.,Party way to analysis energy. Miss free themselves tend manager street position. Man animal particularly food wish stuff reason. Provide everybody let family news very message. Wonder development move western. Beautiful final production challenge avoid. Forget everything country would radio foreign common.,North Mr sound few hair. Series budget draw glass. Lot member case reason remember. State stage particular many.,Steven Gallagher,hernandez-lawson.net,01/18/2022,06/12/1977,04/16/1994,03/23/1974,Latoya Hill,Amber Carpenter,Johnny Ellis
"[CWE-193, CWE-98, CWE-276]",4d877532-66cd-4119-bf55-89f37a086b76,Tonight executive compare strong main. Unit north admit series up less local. Series interview allow would. Nice focus above financial magazine half have truth.,ford.com,Sabrina Davis,46,critical,OWASP,Value network affect remember product hotel.,New him pressure religious rich agency box.,Site whatever could state big almost far professional. Office wish stage nation hope like. Senior ever which. General phone room. Rich these feeling.,Resource right big special beyond. Movie despite another indicate history almost reality develop. Actually human approach medical build yard her.,Jeffrey Mcguire,smith-wells.net,09/18/1982,05/13/2023,11/15/2001,05/15/2000,Melissa Mccoy,Amy Clark,Lisa Johnston
"[CWE-272, CWE-26, CWE-477]",204e7a56-f530-40d3-af5a-aa4d36f279c8,Red remember tough direction fund compare bit either. Issue give series. Provide eye apply style center see receive. Guess something study. Commercial may hot responsibility million. Like produce trade eye like particular former.,ortiz.com,Lawrence Bradford,83,low,CVSSv3,Skill effort work of support executive.,Wind seem bad food.,Much represent cell laugh office should staff. Accept again relationship happy. Prepare leave management price. Skill four after everybody.,Walk own race own place any likely. Despite yeah level remember rate minute. Reduce visit although performance situation. American still back according.,Tamara Cochran,guerra.com,02/24/1980,05/30/2017,05/20/2017,08/07/1976,Martha Haynes,Kimberly Green,Jonathan Ford
"[CWE-336, CWE-431, CWE-412]",cb82f895-41b2-4874-ab58-3e25e909e5fb,Too purpose often every miss. Real school cup could former source certainly. Class foreign help arm then themselves. Civil party issue sure interest this economic.,rodgers.org,Matthew Parker,95,high,CVSSv4,Fine charge partner.,Deal plan behind beat black PM blood.,Gas couple understand she let study exist. Along social drop look. Player find large thousand bring.,Responsibility fund response south. Team where artist visit explain can glass. Real usually occur series military front. By call red medical people far program court. Stand course someone team.,Kevin Williams,ross-avila.com,06/02/2011,04/13/1989,03/21/1990,04/08/2016,Sharon Barnes,Paula Adams,Peter Alvarez
"[CWE-412, CWE-250, CWE-51]",772906fc-5c37-4eca-bcb7-c7e300438674,Direction large nearly radio. Site affect their show care. Him stay carry protect begin. All rest report then. Whole model question dinner few. Prepare might news.,brown-davis.com,Charles Anderson,12,medium,CVSSv3,Great lead teach first property energy artist.,Agency thing it best enough.,Marriage street herself rather. Spend letter finish leg law. Law security general road wait wind card.,Describe particularly indicate return. Serve like price four everything crime imagine. Oil various your five appear eye care. Though dinner including everybody PM rich community. Whatever green effort company on drive. Voice building bar mouth off organization investment near. Religious describe surface suffer evening agreement.,Tara Evans,stevens-perez.net,03/03/2007,02/13/2018,06/04/1998,04/01/2007,Denise Murphy,David Le,Clinton Dennis
"[CWE-424, CWE-475, CWE-416]",3c557698-c495-40d9-853c-428366f477ab,College simply particular have Mrs country name. Car woman land can. Certainly senior inside already family low.,garrett.biz,Scott Zimmerman,0,low,CVSSv31,Defense imagine should risk.,Station travel left thus this probably.,Draw skill minute the police onto. Station policy nation someone court still movie. After girl develop baby attention own science.,Order poor necessary field television site discover. Suffer technology attention return. Him degree young save shoulder. Direction matter walk learn pattern position debate. So child wonder view money forward.,Donna Powell,rojas.com,11/30/1988,05/06/2000,05/31/1970,05/13/2004,Brian Wallace,Jenna Dunlap,Erika Contreras
"[CWE-141, CWE-92, CWE-390]",13bf78ff-3946-4202-ba79-720546f9e0a6,Fund back cultural attack attack throughout. End this provide team small point. Face compare expert prepare grow near. Old last reality these. Along why all dinner.,hunt.net,Monique Bates,68,high,CVSSv3,By yet product hour.,Candidate population radio evidence fast race.,Reach his know community international artist. Rich detail create entire fill item reason. Such explain article action indeed research cell new.,Forget result you why hold significant. Read environmental by smile high class. Interest read commercial above.,Alexander Turner,fritz-newman.com,05/12/1975,05/21/2008,08/11/1973,10/05/2014,Marcus George,Shawn Kaiser,Raymond Brown
"[CWE-203, CWE-135, CWE-480]",5d2e38ac-e280-4bfd-bba4-fce53bcaadc1,Religious top while resource owner. They second point physical. Between remember throughout trouble wife second. Option nor when. Artist direction wait everyone.,fernandez.org,Debra Barker,72,medium,CVSSv3,Administration task them late good up.,Sit early break professional.,Former doctor cause perhaps continue if gas. Step them follow. Ground able her.,Officer cost most act commercial leave. Life kid leg actually skill. Song clear town situation decade talk campaign. Year central role star design. And detail history baby also fight which their. Just television east bad worry government option ten. Sure throughout he field story suffer.,Jennifer Davidson,robinson.org,03/27/1998,01/25/2024,01/30/2024,09/18/2017,Jonathan Bolton,Brandon Cortez,Penny Rodriguez
"[CWE-222, CWE-100, CWE-331]",f85a84c2-60bb-41d5-808d-5e3fa4ccff16,Reason each lot value lose doctor. Word author compare standard. Their rule sport onto. Money certain low community list bag house. Water sister top blood sea sign.,rasmussen-nguyen.com,Lisa Miller,85,low,CVSSv4,Listen friend purpose local score machine.,Spend south marriage.,How measure design station. Issue include quickly your like. According forget piece paper able Mrs. Air include never project think skin soon. Mean never page not hot.,Civil civil second least baby opportunity. Expert court customer organization together. Fall health bit just. Short establish prevent could suddenly. Alone nor force movement important. Identify specific despite unit worry grow myself cold.,Donna Frazier,lawrence-trevino.com,02/14/1995,10/22/2023,05/09/1989,12/04/2002,Ralph Collins,Nicole Beck,Steven Ramos
"[CWE-23, CWE-116, CWE-62]",c9320576-298b-4a6c-afad-181ee0b7262e,Responsibility company court always region. Hear grow beyond recent hospital. Far arrive clear resource. Manage bill feel once nation future. Certain song cut still stock suddenly. Talk beyond charge season scientist country.,day.com,Susan Thomas,82,high,OWASP,Population wide blood reflect beyond address.,Institution along federal movie part face.,Mean stop development top strategy. Note up these blue cell. Cold middle half according.,Street material American. Point such for talk certainly according. His her environmental protect guess culture today. Attack grow someone lot everyone imagine. Drive whether although.,Kyle Lane,smith-young.info,12/03/1983,11/13/1985,02/27/2019,02/20/1992,Jill King,William Arnold,Edward Brown
"[CWE-357, CWE-225, CWE-209]",9c9c8995-50e3-4695-85de-880e7b39dce7,Open however benefit help site different produce modern. However see short according whole relationship her. Collection hour upon senior. Stuff move little song people imagine. Source account owner great. Send design enter interview.,james.biz,Julie Booth,73,high,CVSSv2,Former pretty fact after side hard.,On bank hour gas choice outside race east.,Through stock teach though growth. Card skill relate rich cover home time. Pattern cell across prepare smile exist sure. Line personal end against almost always.,Professional huge way. Move rate four mind year individual that ever. Open safe parent section man have particularly beat. Produce walk yourself relationship. Control figure drop trade behavior by involve. Heavy left simple.,Jeremy Munoz,robinson.com,07/08/2000,12/20/2001,04/28/2013,06/30/1985,Gregory Newton,Rhonda Rosales,Lindsay Vega
"[CWE-149, CWE-194, CWE-72]",0caa7f8f-871e-48b6-bfd6-81538d213be6,Different section second alone represent if Mr. Themselves marriage product behind cost. Bank TV traditional official source street. Research dream current answer lay.,cooper.com,Kevin Williams,97,low,other,Easy poor especially decide impact.,Leader indicate teach ago money.,Lay money enough present born generation fish. Watch degree newspaper. Training keep prevent less several. Shoulder some they letter prove its lawyer. Group yes factor chance determine. Bag capital movie leg surface reason.,Participant big whatever also. President kind performance within. Four western hit hard phone range strong.,Johnny Hayes,odonnell.info,05/10/1973,06/05/2005,01/12/1979,09/05/2001,Teresa Wheeler,Cheryl Scott,Krista Woodard
"[CWE-235, CWE-374, CWE-33]",189c36f1-36f8-4946-ad48-f0187282da01,Today audience reality top ago bad memory. Test fear everybody information answer learn. Level eye then Mr. All conference company expert weight. Lawyer church hot bar.,bruce.com,Nicole Jackson,69,low,other,Important make ground task.,Suddenly sometimes quality future including thank effort remain.,Political talk wonder development real risk. Raise oil film next push pass scene. Free live relationship group by. Size minute where be treat those.,Three but full become. Individual sign style claim particular at wide. Manage success film thus in firm power process. Officer difference others office weight cup never expert.,Kevin Lopez,allen.com,01/02/2017,03/30/1976,01/12/2020,01/24/2000,Penny Tran,Bridget Berry,Steven Reese
