name,version,description,organization,author,hash1alg,hash1content,hash2alg,hash2content,license1,license2,supplier,supp-contact,supp-email,supp-phone,supp-url,purl,cpe
transform real-time markets,2.2.2,Sense accept system person woman color modern. She any third. General whom there hot seat what. Arrive leg entire list. Own material spend real until lay pull.,Crawford-Foster,Michael Chang,SHA-1,13c8d9f4b6408a8eb5410ae01669b1b69673afec,SHA-384,77a791dce874589e1def4c519fa52aafac4f9395d56c8682f62cd1b25137b01551081e1ceaaae54fd435a63af1559097,GFDL-1.1-invariants-or-later,SMPPL,Hall and Sons,Krystal Richmond,perezkristopher@norman.org,001-857-569-6909,wells-cox.org,pkg:npm/gary@7.7.0,cpe:2.3:h:robinson:thomas:9.8.9:*:*:*:*:*
re-contextualize strategic ROI,7.0.0,Door message animal home cover professor a. New picture music ground develop. Sort financial national such recent. Begin through century start wall sound.,Alexander-Rowe,John Jensen,SHA-512,2fdd5aab1a7d99474b4a3916b046ed3e6f97ea8cec83424bf3c2735a1b9df3967254975a6d484db511468231a1448125e09973198202a138b3ef1a5301d5723c,SHA3-384,77c4b6f7e7e5082ed3bbe8e9457980de127957664bfa01387dfcab5b48d80518851c28adf9efd138c7479fb6ad816260,Info-ZIP,ISC,"Rice, Ramos and Stewart",Kara Bartlett,xmorris@zhang.net,+1-779-820-7424x70783,murphy.org,pkg:cargo/devon@7.1.5,cpe:2.3:a:lam:ashley:2.5.9:*:*:*:*:*
re-intermediate value-added systems,7.9.6,Box game employee generation. Last dog practice apply on behavior. Indicate store help machine score. Accept down sign piece service author according.,Williams LLC,Jared Massey,SHA-384,77a791dce874589e1def4c519fa52aafac4f9395d56c8682f62cd1b25137b01551081e1ceaaae54fd435a63af1559097,SHA-256,7967ae422bd2381b86b87dc8db4e5087c7b364e8c0b0bbe83f95bce47ec93ce1,OSL-2.0,IJG,"King, Dickerson and Mccann",Sarah Ryan,mark67@crane-perkins.biz,425.593.4622,wise.net,pkg:docker/scott@4.9.5,cpe:2.3:o:stevens:nicholas:8.7.9:*:*:*:*:*
synthesize value-added ROI,6.4.4,Republican phone often best arm gun. Example easy within four friend. Magazine age during consider effort call. Late mean rest in.,Hanna-Gallagher,Maria Pham,SHA3-256,6865754afe1388ab80bc5fa0402e268235ed4685a70a994192d1e231e31d3322,SHA3-256,6865754afe1388ab80bc5fa0402e268235ed4685a70a994192d1e231e31d3322,Knuth-CTAN,Crossword,"Weeks, Brooks and Vance",Michael Franklin,henry34@roman.com,368.991.2848x809,taylor-white.com,pkg:golang/sharon@6.0.2,cpe:2.3:h:black:david:5.3.1:*:*:*:*:*
mesh e-business e-markets,6.6.0,Environmental majority new small assume push appear play. Save whole say able performance fire. Beautiful company story. Into father hundred save. Anyone address interest offer.,Lopez Ltd,William Taylor,SHA3-384,77c4b6f7e7e5082ed3bbe8e9457980de127957664bfa01387dfcab5b48d80518851c28adf9efd138c7479fb6ad816260,SHA3-256,6865754afe1388ab80bc5fa0402e268235ed4685a70a994192d1e231e31d3322,Martin-Birgmeier,SSLeay-standalone,"Gilbert, Murphy and Cardenas",Pamela Schaefer,greerbrenda@brown.org,954-623-5276x356,gonzalez.com,pkg:maven/dillon@5.8.9,cpe:2.3:a:griffith:sierra:9.3.6:*:*:*:*:*
drive impactful partnerships,1.1.5,Collection pressure model process story they off black. Behavior especially church against government collection. Start later home technology offer very.,"Brown, Murphy and Rangel",Shawn Schmitt,SHA3-384,77c4b6f7e7e5082ed3bbe8e9457980de127957664bfa01387dfcab5b48d80518851c28adf9efd138c7479fb6ad816260,SHA-512,2fdd5aab1a7d99474b4a3916b046ed3e6f97ea8cec83424bf3c2735a1b9df3967254975a6d484db511468231a1448125e09973198202a138b3ef1a5301d5723c,CC-BY-ND-2.5,BSD-Attribution-HPND-disclaimer,Estrada and Sons,Tracy Obrien,berrylauren@herring-kramer.info,355.582.9413,watson.biz,pkg:cargo/deborah@8.8.1,cpe:2.3:a:spencer:misty:9.8.9:*:*:*:*:*
drive back-end platforms,0.9.7,Summer edge trip result seat. Stuff tonight bad senior once public. Degree value kind bed imagine.,Kirk-Caldwell,Paul Kramer,SHA-256,7967ae422bd2381b86b87dc8db4e5087c7b364e8c0b0bbe83f95bce47ec93ce1,SHA-384,77a791dce874589e1def4c519fa52aafac4f9395d56c8682f62cd1b25137b01551081e1ceaaae54fd435a63af1559097,cve-tou,MakeIndex,"Strickland, Reed and Drake",Kristen Herrera,rodney68@mcbride.com,+1-343-710-7190x4325,moses.com,pkg:npm/danielle@4.9.8,cpe:2.3:h:blair:sara:8.0.6:*:*:*:*:*
maximize compelling web-readiness,6.2.1,Interview show film season thank admit have. Very knowledge fight night parent alone word. Few write really music hold scientist perhaps. Vote attorney single.,Short Ltd,Teresa Foster,MD5,e0f5ad1d32d109cfa98f7d59990f9a5f,SHA3-256,6865754afe1388ab80bc5fa0402e268235ed4685a70a994192d1e231e31d3322,NRL,OSL-1.1,Cook LLC,Andrea Rivera,robertcalderon@jones-mason.net,880.444.4505x78581,larsen.com,pkg:cargo/michele@5.9.6,cpe:2.3:h:jones:kelly:1.8.7:*:*:*:*:*
re-contextualize magnetic platforms,3.6.4,Guess activity resource foot suggest back ahead. Foreign note also low career. Service firm star among. Culture range policy pass suggest.,Wallace-Oconnor,Emily Rivers,SHA-1,13c8d9f4b6408a8eb5410ae01669b1b69673afec,SHA3-256,6865754afe1388ab80bc5fa0402e268235ed4685a70a994192d1e231e31d3322,GFDL-1.3-no-invariants-or-later,MTLL,Clark and Sons,Mr. Justin Rodriguez Jr.,michelle49@schneider.com,7118952591,salazar.com,pkg:npm/anthony@4.3.3,cpe:2.3:h:russell:audrey:4.4.8:*:*:*:*:*
repurpose wireless mindshare,4.6.2,Share agree party major without. Best tax ability not six produce. Little quickly add what various simple family. Travel onto on note money result me create. Around east Democrat how.,Lee-Wood,Kaitlyn Garcia,SHA-256,7967ae422bd2381b86b87dc8db4e5087c7b364e8c0b0bbe83f95bce47ec93ce1,SHA-1,13c8d9f4b6408a8eb5410ae01669b1b69673afec,Xfig,RPL-1.1,Richard LLC,Andrew Anderson,michele13@green.com,787.973.3836x322,levine.com,pkg:pypi/matthew@3.2.8,cpe:2.3:o:sanchez:douglas:2.6.0:*:*:*:*:*
reinvent plug-and-play relationships,2.5.3,Should that blood during discuss his. Traditional young air affect term land. Yeah yard early energy buy. Three sound near stand.,Smith-Cole,Yolanda Carter,SHA-1,13c8d9f4b6408a8eb5410ae01669b1b69673afec,SHA3-384,77c4b6f7e7e5082ed3bbe8e9457980de127957664bfa01387dfcab5b48d80518851c28adf9efd138c7479fb6ad816260,any-OSI,NTP-0,Moreno-Harrison,Patricia Nielsen,kimberly46@walters-white.info,(424)872-8684,chase-jones.info,pkg:maven/martin@3.6.2,cpe:2.3:h:foster:barbara:8.1.6:*:*:*:*:*
disintermediate 24/365 ROI,7.5.7,Unit number business if seven else plant. Issue mind sign history really radio resource. Information election science by TV.,Rodriguez-Smith,Willie Lawson,SHA3-512,8f329f6f6cfbd24fcbda7c3b69b44e7e64b0301a3799e71c3910bcf0dae56ed66d477a1d18342c3b2bd73deb5aa420aee20b4d556179be3169e9ae0ecf8e64f2,MD5,e0f5ad1d32d109cfa98f7d59990f9a5f,MIT-testregex,GFDL-1.2-no-invariants-or-later,"Hull, Frost and Johnson",William Davies,danielle81@edwards.net,744.552.9982,kelley-atkins.com,pkg:docker/jennifer@0.6.2,cpe:2.3:o:wilkerson:caleb:4.2.8:*:*:*:*:*
envisioneer front-end technologies,0.5.1,Close military end officer daughter others effect. So surface institution method raise past trade. Happen beat building different leave. Address hospital together agency.,"Wyatt, Taylor and King",Cynthia Stevens,SHA3-256,6865754afe1388ab80bc5fa0402e268235ed4685a70a994192d1e231e31d3322,SHA-1,13c8d9f4b6408a8eb5410ae01669b1b69673afec,GPL-1.0,OPL-1.0,Houston-Bryant,Patrick Thompson,wendy13@mckinney.org,(552)362-8726,pierce.info,pkg:pypi/mathew@0.5.4,cpe:2.3:o:stone:christina:2.9.0:*:*:*:*:*
deploy user-centric eyeballs,8.7.3,Special town seven painting future. Management author own most generation. Surface all sort team everyone guess and. Religious whether radio as protect few enter. However effect include citizen ahead benefit purpose so. White analysis religious beyond two president.,Hudson PLC,Dr. Lindsey Hill,SHA3-384,77c4b6f7e7e5082ed3bbe8e9457980de127957664bfa01387dfcab5b48d80518851c28adf9efd138c7479fb6ad816260,SHA-384,77a791dce874589e1def4c519fa52aafac4f9395d56c8682f62cd1b25137b01551081e1ceaaae54fd435a63af1559097,GPL-2.0-with-font-exception,RHeCos-1.1,Walters-Howell,Barbara Simmons,phillip18@moreno-garcia.com,(846)296-3297,navarro.com,pkg:golang/john@1.2.4,cpe:2.3:h:mckenzie:katie:9.4.1:*:*:*:*:*
synergize enterprise bandwidth,7.3.7,Sign nature sea what seek administration. Account staff character section actually he. Offer bed or will.,"Fuller, Pope and Moore",Steven Vasquez,SHA-256,7967ae422bd2381b86b87dc8db4e5087c7b364e8c0b0bbe83f95bce47ec93ce1,SHA-256,7967ae422bd2381b86b87dc8db4e5087c7b364e8c0b0bbe83f95bce47ec93ce1,Net-SNMP,BitTorrent-1.0,"Carter, Howell and Owens",Laura Gray,shelbyward@shelton-thomas.com,964.910.8325,oconnor.com,pkg:cargo/debra@2.8.0,cpe:2.3:o:walker:katie:5.4.0:*:*:*:*:*
orchestrate revolutionary paradigms,4.0.8,Billion raise detail perform serious range. Market drug left energy. Environmental century interview foot behind. Prevent she left remain true admit street white.,"Brown, Miller and Mckinney",Nicholas Berger,SHA-512,2fdd5aab1a7d99474b4a3916b046ed3e6f97ea8cec83424bf3c2735a1b9df3967254975a6d484db511468231a1448125e09973198202a138b3ef1a5301d5723c,SHA-512,2fdd5aab1a7d99474b4a3916b046ed3e6f97ea8cec83424bf3c2735a1b9df3967254975a6d484db511468231a1448125e09973198202a138b3ef1a5301d5723c,EUPL-1.0,OGL-Canada-2.0,"Russell, Gardner and Becker",Robert Jones,angelaconrad@owens.com,(823)635-5001x63363,brooks.com,pkg:maven/robert@4.1.8,cpe:2.3:h:jones:charlene:6.3.0:*:*:*:*:*
enable one-to-one e-services,2.1.2,Hospital end win make throw job. Direction risk win particular billion. Risk hard use learn business mouth trial technology. Mr drop cut happen.,"Cox, Walker and Turner",Mathew Olson,SHA-512,2fdd5aab1a7d99474b4a3916b046ed3e6f97ea8cec83424bf3c2735a1b9df3967254975a6d484db511468231a1448125e09973198202a138b3ef1a5301d5723c,MD5,e0f5ad1d32d109cfa98f7d59990f9a5f,swrule,LGPL-2.1-or-later,"Santos, Smith and Sellers",Gary Rodriguez,brandon67@simmons.com,8422978337,miller.com,pkg:npm/kelly@5.5.9,cpe:2.3:o:lee:pam:2.1.8:*:*:*:*:*
utilize dynamic communities,4.7.2,If like human. Far consider cover eight clear player administration million. Dinner important bar Republican PM.,"Nguyen, Baker and Johnson",William Cruz,SHA-1,13c8d9f4b6408a8eb5410ae01669b1b69673afec,SHA-1,13c8d9f4b6408a8eb5410ae01669b1b69673afec,BSD-1-Clause,TMate,"Dickson, Vaughn and Reed",James Jones,johnathan51@lam-payne.biz,882-634-1616x47534,henderson.com,pkg:docker/robin@7.8.5,cpe:2.3:a:conley:allison:2.9.2:*:*:*:*:*
harness B2B interfaces,7.4.6,Or long yet before career. Wear boy sell simple. Move toward baby success near entire. Price special admit history.,"Reyes, Martin and Martinez",Tony Fuller,SHA-512,2fdd5aab1a7d99474b4a3916b046ed3e6f97ea8cec83424bf3c2735a1b9df3967254975a6d484db511468231a1448125e09973198202a138b3ef1a5301d5723c,SHA3-384,77c4b6f7e7e5082ed3bbe8e9457980de127957664bfa01387dfcab5b48d80518851c28adf9efd138c7479fb6ad816260,GPL-2.0-with-autoconf-exception,xpp,Dickerson and Sons,Jamie Davenport,holly55@mann.org,336.569.6764x94539,davis-jenkins.com,pkg:npm/daniel@1.7.9,cpe:2.3:h:francis:rachel:8.6.0:*:*:*:*:*
strategize ubiquitous bandwidth,4.7.7,Green many approach budget beat market feel computer. Camera manager mind produce wind. Network by too than.,"Lee, Hess and Murphy",Christine Marshall,SHA3-256,6865754afe1388ab80bc5fa0402e268235ed4685a70a994192d1e231e31d3322,SHA-512,2fdd5aab1a7d99474b4a3916b046ed3e6f97ea8cec83424bf3c2735a1b9df3967254975a6d484db511468231a1448125e09973198202a138b3ef1a5301d5723c,OPUBL-1.0,GFDL-1.2-only,"Ramirez, Holt and Obrien",Kimberly Richards,theresamendoza@martinez-collins.com,+1-314-292-9280x21244,roberts-fox.com,pkg:cargo/johnny@0.9.9,cpe:2.3:a:fields:lori:6.3.9:*:*:*:*:*
incubate customized methodologies,2.9.0,Voice establish room number expect smile senior without. Vote simple happen opportunity. Treatment clear all sport nothing around stop. Close should history fight present Democrat.,Gray LLC,Jerry Foster,SHA-256,7967ae422bd2381b86b87dc8db4e5087c7b364e8c0b0bbe83f95bce47ec93ce1,SHA3-256,6865754afe1388ab80bc5fa0402e268235ed4685a70a994192d1e231e31d3322,Clips,Cronyx,"Benjamin, Haynes and Phillips",Matthew Lee,josejoseph@golden-warren.com,+1-271-269-5861,smith.com,pkg:npm/ian@3.3.5,cpe:2.3:o:washington:mary:3.8.2:*:*:*:*:*
extend impactful e-markets,2.9.7,Though none above follow accept behind possible science. Moment ok foreign let car human school husband. Budget today cold brother hit. However list cover never painting. After outside laugh indicate education sure along owner.,Davis PLC,Jorge Hart,SHA3-512,8f329f6f6cfbd24fcbda7c3b69b44e7e64b0301a3799e71c3910bcf0dae56ed66d477a1d18342c3b2bd73deb5aa420aee20b4d556179be3169e9ae0ecf8e64f2,SHA-1,13c8d9f4b6408a8eb5410ae01669b1b69673afec,CERN-OHL-1.1,ZPL-1.1,"Peck, Garrison and Stone",Paige Garcia,ahill@cole.com,001-205-856-9518x563,stephens-henry.com,pkg:docker/denise@0.7.3,cpe:2.3:h:smith:linda:8.0.9:*:*:*:*:*
re-contextualize out-of-the-box ROI,0.7.8,Have sing detail reveal defense many. Authority design crime edge parent market speech wish. Wind side sometimes say meeting how. Agent record property yet. Become record thought team after health now. Indeed however stand.,Wheeler-Hardy,Kayla Thomas,SHA3-256,6865754afe1388ab80bc5fa0402e268235ed4685a70a994192d1e231e31d3322,MD5,e0f5ad1d32d109cfa98f7d59990f9a5f,Rdisc,CDDL-1.0,Nguyen Ltd,Alan Wright,shelia88@howe.com,610.956.0028,pierce.info,pkg:maven/kelsey@2.9.7,cpe:2.3:a:jones:alan:0.7.5:*:*:*:*:*
re-contextualize next-generation e-markets,2.5.7,Possible whom court western car loss stay need. Main me full language. Onto music common economy yes. Blue life remember scene. Anything mouth cup receive. Seven call ask consumer reduce.,Frank PLC,Monica Sweeney,SHA-1,13c8d9f4b6408a8eb5410ae01669b1b69673afec,SHA3-384,77c4b6f7e7e5082ed3bbe8e9457980de127957664bfa01387dfcab5b48d80518851c28adf9efd138c7479fb6ad816260,SunPro,HPND-doc-sell,Jimenez LLC,Richard Mueller,qross@fuller.com,8855786280,lin.com,pkg:maven/marcus@4.4.6,cpe:2.3:a:jones:james:0.1.0:*:*:*:*:*
reinvent one-to-one solutions,1.0.1,Especially be dog one generation animal age. Because change recently might space people. Note building today against. Law maybe water light actually assume none important.,"Jordan, Jensen and Gonzalez",Richard Collins,SHA3-512,8f329f6f6cfbd24fcbda7c3b69b44e7e64b0301a3799e71c3910bcf0dae56ed66d477a1d18342c3b2bd73deb5aa420aee20b4d556179be3169e9ae0ecf8e64f2,SHA-512,2fdd5aab1a7d99474b4a3916b046ed3e6f97ea8cec83424bf3c2735a1b9df3967254975a6d484db511468231a1448125e09973198202a138b3ef1a5301d5723c,SCEA,LGPL-3.0-only,West-Houston,Timothy Wade,bradleylambert@bell.net,540.292.6145,mcintyre.biz,pkg:maven/vickie@3.4.7,cpe:2.3:a:jordan:james:4.3.7:*:*:*:*:*
evolve wireless applications,9.1.0,Social country film save west check bill. General rock quite series life reveal who. Thus buy direction letter return. Attorney player we rather class role. Several hold center keep new reveal. Almost vote artist center support begin prepare record.,Villegas LLC,Ruth Burke,SHA3-384,77c4b6f7e7e5082ed3bbe8e9457980de127957664bfa01387dfcab5b48d80518851c28adf9efd138c7479fb6ad816260,SHA-256,7967ae422bd2381b86b87dc8db4e5087c7b364e8c0b0bbe83f95bce47ec93ce1,Barr,ASWF-Digital-Assets-1.0,Zamora and Sons,Chelsey Leonard,stacie08@jones-bailey.com,352.498.5838x21536,rivera-haynes.com,pkg:docker/olivia@6.6.3,cpe:2.3:o:may:michael:7.5.9:*:*:*:*:*
cultivate next-generation functionalities,4.7.2,Sound participant technology yard or up. East seem movie upon news skin. Local theory kind. Seek role nation sense speech challenge. Them call stop relate.,Thompson-Williams,Amy Kline,SHA3-384,77c4b6f7e7e5082ed3bbe8e9457980de127957664bfa01387dfcab5b48d80518851c28adf9efd138c7479fb6ad816260,MD5,e0f5ad1d32d109cfa98f7d59990f9a5f,CC-BY-NC-SA-1.0,AGPL-1.0,"Jones, Pineda and Young",William Sampson,munozvalerie@jenkins.net,411-284-3315,carson.org,pkg:pypi/michael@0.9.6,cpe:2.3:h:peters:jack:5.2.3:*:*:*:*:*
innovate cross-media e-markets,3.6.2,Always compare president ago level myself. Human each career form. Prepare detail plant since general heart write animal. Ball religious store seven cover. Set new rest ability plan.,"Larson, Davis and Kim",Jennifer Booker,SHA-384,77a791dce874589e1def4c519fa52aafac4f9395d56c8682f62cd1b25137b01551081e1ceaaae54fd435a63af1559097,SHA-1,13c8d9f4b6408a8eb5410ae01669b1b69673afec,radvd,SugarCRM-1.1.3,Peterson-Powell,Catherine Potter,sarahwright@williams.net,290.930.6633x33444,manning.net,pkg:maven/keith@2.8.0,cpe:2.3:h:waller:jonathan:6.2.1:*:*:*:*:*
leverage revolutionary e-business,9.6.3,Else summer represent total over name. Congress star source include. Available training return. Beat learn majority air charge cost either. Wall reduce baby consumer girl ground.,Diaz-Sims,Victor Terry,SHA3-256,6865754afe1388ab80bc5fa0402e268235ed4685a70a994192d1e231e31d3322,SHA3-384,77c4b6f7e7e5082ed3bbe8e9457980de127957664bfa01387dfcab5b48d80518851c28adf9efd138c7479fb6ad816260,OLDAP-1.4,NBPL-1.0,"Wolf, Vasquez and Foley",Joshua Miller,michelle78@schultz.org,877.671.1409,diaz-roman.com,pkg:docker/richard@5.3.3,cpe:2.3:o:sutton:carla:7.9.1:*:*:*:*:*
streamline transparent channels,1.4.0,Choice service force human. Marriage science student man parent. Heart whether opportunity there visit. Last everybody clearly may full employee. Establish structure two air away require all child.,Alvarado LLC,David Nielsen,SHA-256,7967ae422bd2381b86b87dc8db4e5087c7b364e8c0b0bbe83f95bce47ec93ce1,SHA-512,2fdd5aab1a7d99474b4a3916b046ed3e6f97ea8cec83424bf3c2735a1b9df3967254975a6d484db511468231a1448125e09973198202a138b3ef1a5301d5723c,SGI-B-1.1,HPND-sell-regexpr,"Clark, Rivera and Martin",Meagan Edwards,crystal60@freeman-crawford.com,+1-311-908-0351x2982,howard-acosta.com,pkg:cargo/christopher@3.0.0,cpe:2.3:o:hines:michelle:7.0.2:*:*:*:*:*
productize B2B channels,1.4.3,Thought total environment despite. Southern loss nor page site. Together player accept situation anyone itself. Cover nature executive population tax part side. Nor although wind word task thus claim response.,Huff-Frazier,Malik Ford,SHA3-512,8f329f6f6cfbd24fcbda7c3b69b44e7e64b0301a3799e71c3910bcf0dae56ed66d477a1d18342c3b2bd73deb5aa420aee20b4d556179be3169e9ae0ecf8e64f2,SHA-384,77a791dce874589e1def4c519fa52aafac4f9395d56c8682f62cd1b25137b01551081e1ceaaae54fd435a63af1559097,HPND-INRIA-IMAG,CAL-1.0,Flores-Smith,Jennifer Howe,martinezkelsey@robles.com,+1-930-752-8975x05711,dalton-roth.info,pkg:golang/brianna@8.8.0,cpe:2.3:h:foley:scott:6.2.8:*:*:*:*:*
re-intermediate efficient vortals,0.3.1,Relationship stage dark himself. Fear the bill challenge. Attorney require under else author rich dinner person.,Sandoval-Davis,Michael Johnson,SHA3-256,6865754afe1388ab80bc5fa0402e268235ed4685a70a994192d1e231e31d3322,SHA3-384,77c4b6f7e7e5082ed3bbe8e9457980de127957664bfa01387dfcab5b48d80518851c28adf9efd138c7479fb6ad816260,Jam,W3C,Miller-Stewart,Jeffrey Lopez,nancyhurst@anderson.com,417.242.8536x9121,sanchez.biz,pkg:npm/todd@1.1.2,cpe:2.3:o:owens:veronica:2.2.6:*:*:*:*:*
architect out-of-the-box vortals,3.6.2,His let lay by party dinner laugh window. Threat professional such world like avoid without. College measure several turn. Both for window offer agreement affect. Write executive want affect.,"Cabrera, Hubbard and Brown",Mary Smith,SHA3-256,6865754afe1388ab80bc5fa0402e268235ed4685a70a994192d1e231e31d3322,SHA3-256,6865754afe1388ab80bc5fa0402e268235ed4685a70a994192d1e231e31d3322,CMU-Mach,ASWF-Digital-Assets-1.1,Krueger-Garrett,Miguel Scott,markmorrison@jackson.net,001-660-958-8915x9532,parker.com,pkg:maven/erin@6.8.0,cpe:2.3:o:leonard:john:2.4.3:*:*:*:*:*
utilize front-end eyeballs,5.5.4,Major apply clear each into structure other. General any kitchen lot share without particularly. Try everybody gun effort sell couple political maintain. Within and bank keep view message watch. Form coach guess. Response state drop most decide consider easy.,Edwards-James,Raymond Taylor,SHA-512,2fdd5aab1a7d99474b4a3916b046ed3e6f97ea8cec83424bf3c2735a1b9df3967254975a6d484db511468231a1448125e09973198202a138b3ef1a5301d5723c,MD5,e0f5ad1d32d109cfa98f7d59990f9a5f,CDDL-1.1,eGenix,Forbes-Williams,Dr. Anthony Murphy,rodneybowman@stein.com,371-310-8551x1970,nelson.com,pkg:npm/timothy@2.7.1,cpe:2.3:o:singleton:william:5.0.7:*:*:*:*:*
enhance mission-critical paradigms,2.6.9,City support drive. Foot mission PM race rate. Person wish themselves catch college focus strong. Listen full environment term black.,Robinson Group,Deborah Wood,SHA3-256,6865754afe1388ab80bc5fa0402e268235ed4685a70a994192d1e231e31d3322,SHA3-512,8f329f6f6cfbd24fcbda7c3b69b44e7e64b0301a3799e71c3910bcf0dae56ed66d477a1d18342c3b2bd73deb5aa420aee20b4d556179be3169e9ae0ecf8e64f2,Zimbra-1.3,MIT-Wu,Flores-Velasquez,Jordan Lewis,benjamin91@lopez.net,(364)400-7960x638,garcia.com,pkg:pypi/dean@2.5.3,cpe:2.3:a:green:derek:5.0.3:*:*:*:*:*
target real-time eyeballs,9.2.7,Truth special behavior. Issue control lay baby during enter. Clear task then chance whom claim.,"Briggs, Morales and Johnson",Margaret Salazar,SHA-256,7967ae422bd2381b86b87dc8db4e5087c7b364e8c0b0bbe83f95bce47ec93ce1,SHA-512,2fdd5aab1a7d99474b4a3916b046ed3e6f97ea8cec83424bf3c2735a1b9df3967254975a6d484db511468231a1448125e09973198202a138b3ef1a5301d5723c,GFDL-1.3-invariants-only,BSD-4.3RENO,"Wilkins, Garcia and Watson",Marvin Munoz,paulmiller@wilson-wagner.com,872.733.0986x0804,scott-reeves.com,pkg:docker/cindy@4.5.5,cpe:2.3:a:frederick:jon:6.5.3:*:*:*:*:*
whiteboard e-business schemas,4.8.6,Ask kind market impact. Policy everybody operation PM itself financial well. Police kid into win station training off.,"Mendoza, Luna and Romero",Timothy Potter,SHA-384,77a791dce874589e1def4c519fa52aafac4f9395d56c8682f62cd1b25137b01551081e1ceaaae54fd435a63af1559097,SHA3-512,8f329f6f6cfbd24fcbda7c3b69b44e7e64b0301a3799e71c3910bcf0dae56ed66d477a1d18342c3b2bd73deb5aa420aee20b4d556179be3169e9ae0ecf8e64f2,Adobe-2006,CATOSL-1.1,Reynolds-Allen,Rita Hernandez,kescobar@brennan.com,682.711.6738x89621,garcia.com,pkg:golang/ronald@8.0.3,cpe:2.3:a:davis:kevin:6.4.0:*:*:*:*:*
iterate strategic vortals,7.0.1,New describe buy personal reveal total. Bit not culture certainly financial then. Low senior list school after. No member fall spring religious sure. Data enough remember explain analysis soldier man instead. Blue professor tough else imagine.,Morris-Wright,Christopher Rasmussen,SHA3-512,8f329f6f6cfbd24fcbda7c3b69b44e7e64b0301a3799e71c3910bcf0dae56ed66d477a1d18342c3b2bd73deb5aa420aee20b4d556179be3169e9ae0ecf8e64f2,SHA-384,77a791dce874589e1def4c519fa52aafac4f9395d56c8682f62cd1b25137b01551081e1ceaaae54fd435a63af1559097,Net-SNMP,CC-BY-3.0-AT,Palmer Ltd,Eric Simmons,wellsbrittany@white.com,+1-945-656-7041,taylor.biz,pkg:pypi/john@1.6.6,cpe:2.3:a:petersen:jessica:0.2.3:*:*:*:*:*
drive real-time portals,2.4.8,Experience generation author hit wear economic anything. Benefit term near meeting article stock. Summer reason similar language which middle mention above.,Ford-Williams,Michael Gonzalez,SHA-384,77a791dce874589e1def4c519fa52aafac4f9395d56c8682f62cd1b25137b01551081e1ceaaae54fd435a63af1559097,SHA-256,7967ae422bd2381b86b87dc8db4e5087c7b364e8c0b0bbe83f95bce47ec93ce1,gtkbook,YPL-1.0,Mercer-Johnson,Jody Taylor,carrillovictoria@williams.com,001-807-529-4273x431,hendrix.com,pkg:docker/christy@6.9.4,cpe:2.3:a:osborne:christine:4.8.4:*:*:*:*:*
envisioneer one-to-one supply-chains,8.2.1,Despite institution star risk they lead generation. Address decision develop return Republican. Rule everybody explain quickly factor poor exist wear. Citizen you prevent work health. Order PM single wrong mission father. Month buy style cause us. Authority send although media Mr.,Ho-Juarez,Jason Silva,MD5,e0f5ad1d32d109cfa98f7d59990f9a5f,SHA-1,13c8d9f4b6408a8eb5410ae01669b1b69673afec,Spencer-94,AMPAS,Finley PLC,Carl Baldwin,evanstheresa@kennedy.com,876.832.8947,murray.com,pkg:npm/nicole@8.0.7,cpe:2.3:h:thompson:holly:0.2.1:*:*:*:*:*
unleash clicks-and-mortar relationships,2.6.2,There market fear organization smile. Around investment relate. Continue begin tough school instead size foot. Safe scene level base newspaper room industry whose. Than past see painting second trip. Phone form human attack.,Walters Inc,Melissa Mitchell,SHA-384,77a791dce874589e1def4c519fa52aafac4f9395d56c8682f62cd1b25137b01551081e1ceaaae54fd435a63af1559097,MD5,e0f5ad1d32d109cfa98f7d59990f9a5f,metamail,UCAR,"Mitchell, Mckinney and Reyes",Robert Donovan,fraziermelissa@randall.com,(787)755-6397x875,payne.org,pkg:maven/katrina@9.1.7,cpe:2.3:o:murray:jennifer:9.4.3:*:*:*:*:*
mesh end-to-end deliverables,9.4.7,Investment green around mean company someone agree figure. Investment relate party. Draw property process between cell condition sure. Medical site face ok perhaps north bar.,"Lane, Jacobs and Thompson",Karen Cole,SHA-384,77a791dce874589e1def4c519fa52aafac4f9395d56c8682f62cd1b25137b01551081e1ceaaae54fd435a63af1559097,SHA-256,7967ae422bd2381b86b87dc8db4e5087c7b364e8c0b0bbe83f95bce47ec93ce1,CC-BY-4.0,Noweb,"Whitaker, Hayes and Gill",Bonnie Brewer,whitney41@hood-vega.info,001-339-286-6780x968,woodard.net,pkg:npm/seth@5.9.5,cpe:2.3:a:sharp:howard:3.1.0:*:*:*:*:*
whiteboard impactful metrics,0.6.6,Mouth whom goal evidence close. Southern attack stuff day medical. Sister make street. Mission protect public former east concern tax bad.,Williams Group,Anne Collier,SHA-384,77a791dce874589e1def4c519fa52aafac4f9395d56c8682f62cd1b25137b01551081e1ceaaae54fd435a63af1559097,SHA3-256,6865754afe1388ab80bc5fa0402e268235ed4685a70a994192d1e231e31d3322,NetCDF,Net-SNMP,"Miller, Williams and Horton",Jennifer Walton,sherri78@rivera-smith.biz,(919)432-6437x001,richardson.com,pkg:maven/anthony@6.6.8,cpe:2.3:a:wilkinson:connor:5.7.2:*:*:*:*:*
scale proactive models,6.2.0,Activity take line relate middle trip few yourself. Turn exactly environment hot manage. Success may hard trade require at art. Identify appear dream current night friend onto bit. Sport walk hot fear.,"West, Ortiz and Evans",Arthur Edwards,MD5,e0f5ad1d32d109cfa98f7d59990f9a5f,SHA3-384,77c4b6f7e7e5082ed3bbe8e9457980de127957664bfa01387dfcab5b48d80518851c28adf9efd138c7479fb6ad816260,BSL-1.0,PPL,Page-Lopez,Veronica Young,vduncan@miller-jenkins.com,(433)658-8716x59931,costa-edwards.info,pkg:maven/donald@0.2.5,cpe:2.3:a:mitchell:jeffery:2.7.4:*:*:*:*:*
embrace global content,5.0.8,Part create agree attorney like peace. Attention edge dark meet want street. Our need may. Gun scene specific group.,"Green, Rodriguez and Munoz",Laurie Burton,SHA3-256,6865754afe1388ab80bc5fa0402e268235ed4685a70a994192d1e231e31d3322,SHA-1,13c8d9f4b6408a8eb5410ae01669b1b69673afec,CC-BY-NC-4.0,GFDL-1.3-invariants-only,"Jones, Reed and Valenzuela",Ashley Jackson,vdavies@ray-huang.info,400.364.3329x6023,anderson.com,pkg:docker/travis@1.1.3,cpe:2.3:a:espinoza:jonathan:0.7.9:*:*:*:*:*
incentivize out-of-the-box e-tailers,0.8.1,Long necessary beautiful better. Practice white drop security. Thousand fall continue indeed expect response. Down skin amount arrive somebody resource politics.,"Davis, Brown and Lee",Brian Yang,SHA-1,13c8d9f4b6408a8eb5410ae01669b1b69673afec,SHA-512,2fdd5aab1a7d99474b4a3916b046ed3e6f97ea8cec83424bf3c2735a1b9df3967254975a6d484db511468231a1448125e09973198202a138b3ef1a5301d5723c,OGTSL,CC-BY-NC-ND-2.0,Smith-Wilson,Patricia Bass,cainsteven@pineda-richmond.info,249-243-6012,owen.org,pkg:pypi/david@5.0.9,cpe:2.3:h:hill:crystal:9.5.7:*:*:*:*:*
cultivate rich markets,9.8.1,Spend yourself I others chair garden expert. International magazine travel reduce fall. Clear wide none front star. Appear live themselves evening church. Recent Republican very child member area. Movement heart home dinner share partner.,"Espinoza, Wood and Hernandez",Amber Davis,MD5,e0f5ad1d32d109cfa98f7d59990f9a5f,SHA3-512,8f329f6f6cfbd24fcbda7c3b69b44e7e64b0301a3799e71c3910bcf0dae56ed66d477a1d18342c3b2bd73deb5aa420aee20b4d556179be3169e9ae0ecf8e64f2,BSD-2-Clause-Views,APSL-2.0,Frederick-Shaw,Maria Buckley,phillipmckee@dennis-marks.com,(220)692-9952x6504,perry-gordon.biz,pkg:pypi/greg@0.1.2,cpe:2.3:a:stevens:carol:5.6.6:*:*:*:*:*
revolutionize interactive experiences,4.4.3,Recognize still different card way rich prepare. Might meet whatever something vote. Feeling compare project deep girl anyone rather. Tell just significant. Add wind when doctor. Save sound trip others.,Maldonado-Nicholson,Barbara Peterson,SHA-1,13c8d9f4b6408a8eb5410ae01669b1b69673afec,SHA-256,7967ae422bd2381b86b87dc8db4e5087c7b364e8c0b0bbe83f95bce47ec93ce1,RHeCos-1.1,Arphic-1999,Vang PLC,Samantha Thompson,mary51@arnold.com,(796)427-0510,armstrong.com,pkg:maven/rachel@5.5.8,cpe:2.3:h:turner:matthew:2.3.3:*:*:*:*:*
deploy compelling info-mediaries,8.3.6,Since surface ball. Out design so sometimes spring. Performance happy describe watch. Large fine official second. Laugh east industry.,Foster-Black,Anthony Gentry,SHA-256,7967ae422bd2381b86b87dc8db4e5087c7b364e8c0b0bbe83f95bce47ec93ce1,SHA-384,77a791dce874589e1def4c519fa52aafac4f9395d56c8682f62cd1b25137b01551081e1ceaaae54fd435a63af1559097,CC-BY-NC-3.0-DE,libselinux-1.0,"Collins, Hall and Pittman",Teresa Smith,vsweeney@cooper.com,866-480-9894x4815,peterson-johnson.com,pkg:docker/tammie@7.2.4,cpe:2.3:a:davis:william:1.5.0:*:*:*:*:*
disintermediate 24/7 platforms,5.6.3,Politics TV technology guy her product. Scene true next sort personal rather on. Firm technology continue specific. Senior shake join approach want language sound.,"Mckenzie, Pena and Curry",Christina Martin,SHA3-256,6865754afe1388ab80bc5fa0402e268235ed4685a70a994192d1e231e31d3322,SHA3-256,6865754afe1388ab80bc5fa0402e268235ed4685a70a994192d1e231e31d3322,MS-RL,GL2PS,Manning and Sons,Julie Stone,amandakerr@martin.com,7284350695,taylor.net,pkg:golang/matthew@3.9.0,cpe:2.3:o:silva:jason:5.8.2:*:*:*:*:*
enable cross-media schemas,6.8.0,Every financial agent this game here him. Middle size wonder turn next prove organization. Individual economic participant will continue article.,Marshall Inc,Sonya Huerta,SHA3-256,6865754afe1388ab80bc5fa0402e268235ed4685a70a994192d1e231e31d3322,SHA3-256,6865754afe1388ab80bc5fa0402e268235ed4685a70a994192d1e231e31d3322,MulanPSL-1.0,ADSL,Duffy-Cordova,Jacob Collins,jblevins@hines-garcia.info,+1-652-513-1658x5975,adams.biz,pkg:npm/benjamin@3.4.1,cpe:2.3:o:joyce:melanie:3.8.0:*:*:*:*:*
syndicate user-centric niches,6.6.9,Animal the wide fly. Military piece manager practice at room vote. Good perhaps exist democratic again structure wonder I. Development evening laugh size plan. Once by themselves. Discuss upon economic phone near.,Phillips and Sons,Matthew Zamora,SHA3-512,8f329f6f6cfbd24fcbda7c3b69b44e7e64b0301a3799e71c3910bcf0dae56ed66d477a1d18342c3b2bd73deb5aa420aee20b4d556179be3169e9ae0ecf8e64f2,SHA-512,2fdd5aab1a7d99474b4a3916b046ed3e6f97ea8cec83424bf3c2735a1b9df3967254975a6d484db511468231a1448125e09973198202a138b3ef1a5301d5723c,Glide,NetCDF,"Frazier, Walker and Daniels",Jeffrey Pearson,cwest@lester.com,(755)377-7349,campbell.biz,pkg:docker/renee@1.1.1,cpe:2.3:o:cook:scott:5.2.2:*:*:*:*:*
incentivize back-end schemas,3.8.8,Successful attack other lose already save. Evidence radio police foot anything. Society participant per.,Padilla PLC,Joseph Ortega,SHA3-512,8f329f6f6cfbd24fcbda7c3b69b44e7e64b0301a3799e71c3910bcf0dae56ed66d477a1d18342c3b2bd73deb5aa420aee20b4d556179be3169e9ae0ecf8e64f2,SHA-1,13c8d9f4b6408a8eb5410ae01669b1b69673afec,CC-BY-3.0,SunPro,Stone-Lewis,Jeffrey Hays,ubarnes@ayala.com,001-800-239-7676,johnson.com,pkg:maven/kimberly@9.8.2,cpe:2.3:h:heath:jody:4.2.8:*:*:*:*:*
implement user-centric niches,3.4.3,List of how production new great. Public despite at lead say prove score effect. About kid benefit college that same.,Mcknight and Sons,Mrs. Andrea Davis,SHA-1,13c8d9f4b6408a8eb5410ae01669b1b69673afec,SHA-1,13c8d9f4b6408a8eb5410ae01669b1b69673afec,SHL-0.5,CC-BY-NC-ND-3.0,"Thompson, Davidson and Ruiz",Mary Webb,ecooper@campbell-george.com,001-268-390-5212x822,hunt.com,pkg:golang/jacob@3.1.6,cpe:2.3:o:shaw:john:9.4.0:*:*:*:*:*
synthesize killer interfaces,8.5.7,From energy science throw best. Worry year project throw like production professional. Something eight student under. Spring present lawyer painting military would choice nearly. Learn enter anyone brother.,Thomas-Kaufman,Steven Caldwell,SHA3-512,8f329f6f6cfbd24fcbda7c3b69b44e7e64b0301a3799e71c3910bcf0dae56ed66d477a1d18342c3b2bd73deb5aa420aee20b4d556179be3169e9ae0ecf8e64f2,SHA-256,7967ae422bd2381b86b87dc8db4e5087c7b364e8c0b0bbe83f95bce47ec93ce1,LOOP,MulanPSL-1.0,Bell-Crane,Jason Hendrix,courtneyarnold@knight-meyer.org,458.819.5258x281,miller.com,pkg:cargo/janice@0.8.4,cpe:2.3:h:best:jason:5.1.9:*:*:*:*:*
architect world-class e-tailers,3.3.6,Response effect action range. Ability pull fall smile. Land learn free most exactly meet. Us voice quality recognize issue loss law they. Growth significant meeting quality. Other work break hundred.,Figueroa-Patel,Natasha Clark,SHA-256,7967ae422bd2381b86b87dc8db4e5087c7b364e8c0b0bbe83f95bce47ec93ce1,SHA-256,7967ae422bd2381b86b87dc8db4e5087c7b364e8c0b0bbe83f95bce47ec93ce1,BUSL-1.1,BSD-2-Clause-Patent,"Daniels, Wright and Adams",Billy Kirk,bduncan@wood.info,695.793.5771x261,acosta-hall.com,pkg:maven/patrick@0.6.8,cpe:2.3:o:hancock:adriana:5.5.9:*:*:*:*:*
target impactful deliverables,8.8.6,Itself hundred plant lay. Finish particular your then wear away customer. Matter society plan huge result me would. Particularly good table sort. Audience lot become discussion case.,"Horton, Chang and Garcia",Brian Lynch,SHA3-256,6865754afe1388ab80bc5fa0402e268235ed4685a70a994192d1e231e31d3322,SHA3-256,6865754afe1388ab80bc5fa0402e268235ed4685a70a994192d1e231e31d3322,TU-Berlin-2.0,TTYP0,Byrd Group,Connor Knight,christina95@powell.info,(440)780-5333x58218,murphy.com,pkg:pypi/christian@7.8.7,cpe:2.3:a:gutierrez:brittany:8.1.2:*:*:*:*:*
extend end-to-end channels,6.2.7,Employee term themselves run large. Kid focus weight college write let. Which yeah agreement defense sea for reduce. Identify unit color with dream. Age amount strong by develop sometimes perhaps himself. Win appear student build.,Gonzalez-Carter,Jamie Andrews,SHA-384,77a791dce874589e1def4c519fa52aafac4f9395d56c8682f62cd1b25137b01551081e1ceaaae54fd435a63af1559097,MD5,e0f5ad1d32d109cfa98f7d59990f9a5f,OPL-UK-3.0,AFL-2.0,Martinez Ltd,Christina Taylor,fowlerscott@weiss.net,538-334-1810x774,gibbs-fitzgerald.com,pkg:docker/alyssa@0.6.3,cpe:2.3:a:davies:paige:0.6.8:*:*:*:*:*
incentivize sticky deliverables,1.4.9,Everyone every technology stay. Television even only sit. Just better Congress real institution. Less describe capital statement vote member. Result candidate character however couple. Candidate why yard state world practice.,"Burns, Perkins and Peters",Joshua White,SHA-384,77a791dce874589e1def4c519fa52aafac4f9395d56c8682f62cd1b25137b01551081e1ceaaae54fd435a63af1559097,MD5,e0f5ad1d32d109cfa98f7d59990f9a5f,OGL-UK-3.0,bcrypt-Solar-Designer,Barrett-Yu,Jerome Beltran,ricebrittany@whitney.com,001-935-512-6877,wong.com,pkg:pypi/william@3.7.8,cpe:2.3:o:rosales:sarah:4.3.5:*:*:*:*:*
reinvent granular e-business,0.0.1,About audience ask financial while. Today nearly partner or. Protect another sure every choice shake. Country skill dinner.,Butler Group,Anthony Mayer,SHA-512,2fdd5aab1a7d99474b4a3916b046ed3e6f97ea8cec83424bf3c2735a1b9df3967254975a6d484db511468231a1448125e09973198202a138b3ef1a5301d5723c,SHA-1,13c8d9f4b6408a8eb5410ae01669b1b69673afec,GFDL-1.3-invariants-or-later,OLDAP-2.0,"Yates, Williams and Wright",Elizabeth Owen,brownjessica@smith.biz,+1-610-308-2289,johnson.com,pkg:npm/lisa@7.8.6,cpe:2.3:o:young:samantha:0.7.8:*:*:*:*:*
enhance back-end action-items,3.2.5,Class she shoulder happy yeah sign black road. Thousand building better success consumer hour beyond. Kitchen guess image suddenly owner anyone tonight. Different budget score focus expert cell. Realize source little land evening.,Jackson and Sons,Lisa Brown,SHA-1,13c8d9f4b6408a8eb5410ae01669b1b69673afec,SHA3-256,6865754afe1388ab80bc5fa0402e268235ed4685a70a994192d1e231e31d3322,Glulxe,PDDL-1.0,Bradley-Obrien,Jason Roach,corey83@nelson-thomas.com,(723)567-8044x3493,floyd.org,pkg:pypi/brandon@0.1.0,cpe:2.3:a:perkins:lauren:5.3.1:*:*:*:*:*
empower rich applications,2.4.9,Wind score guess coach still. Require arrive arm or different decide hour view. Understand really total bad discover person news. Future woman moment travel. Physical industry heart concern far institution century usually. Keep myself save quality entire politics.,"Key, Castro and Rowe",Melinda Cunningham,SHA-1,13c8d9f4b6408a8eb5410ae01669b1b69673afec,SHA3-384,77c4b6f7e7e5082ed3bbe8e9457980de127957664bfa01387dfcab5b48d80518851c28adf9efd138c7479fb6ad816260,BSD-2-Clause-Darwin,DL-DE-BY-2.0,Boyd Inc,Alec Harris,smithkim@sutton.com,640-826-3567,jones.com,pkg:maven/william@0.7.8,cpe:2.3:h:cole:lindsey:3.4.6:*:*:*:*:*
re-contextualize turn-key niches,6.0.2,Accept walk green over ground wrong buy. Place worker little movie concern green enough whether. Price tend speech property according. Official design father part reach. Dinner cell billion black dark way. Across because another cause term candidate.,Armstrong-Richardson,Katrina Williams,SHA-1,13c8d9f4b6408a8eb5410ae01669b1b69673afec,SHA3-512,8f329f6f6cfbd24fcbda7c3b69b44e7e64b0301a3799e71c3910bcf0dae56ed66d477a1d18342c3b2bd73deb5aa420aee20b4d556179be3169e9ae0ecf8e64f2,RPSL-1.0,ZPL-2.1,Miller-Smith,Erica Foster,nancy85@shea.net,924.716.5034,harris-escobar.com,pkg:maven/douglas@5.5.1,cpe:2.3:o:jones:christopher:5.5.6:*:*:*:*:*
grow leading-edge technologies,5.8.5,Suggest draw foreign condition. Budget senior use. Tough hard work several property have hit. Trouble town finally great space.,"Cannon, Sanchez and Washington",Heather Stone,SHA3-384,77c4b6f7e7e5082ed3bbe8e9457980de127957664bfa01387dfcab5b48d80518851c28adf9efd138c7479fb6ad816260,SHA3-256,6865754afe1388ab80bc5fa0402e268235ed4685a70a994192d1e231e31d3322,GPL-2.0-with-classpath-exception,CNRI-Python,Barton-Lloyd,Robert Jones,morganmitchell@griffin.com,553-341-9658x102,gillespie.biz,pkg:pypi/denise@0.9.0,cpe:2.3:a:smith:emily:9.1.9:*:*:*:*:*
transform world-class portals,5.7.1,Popular seven security good try cause quickly form. Argue drug by institution. Case add until account some.,Ochoa Ltd,Christopher Luna,SHA3-512,8f329f6f6cfbd24fcbda7c3b69b44e7e64b0301a3799e71c3910bcf0dae56ed66d477a1d18342c3b2bd73deb5aa420aee20b4d556179be3169e9ae0ecf8e64f2,SHA-384,77a791dce874589e1def4c519fa52aafac4f9395d56c8682f62cd1b25137b01551081e1ceaaae54fd435a63af1559097,GPL-1.0-or-later,DRL-1.1,"Williams, Bauer and Haney",Jacob Peterson,gerald97@ray.biz,001-671-638-6026x82595,brown-cantu.com,pkg:npm/bobby@6.7.9,cpe:2.3:h:perez:tony:8.9.2:*:*:*:*:*
morph one-to-one e-commerce,9.3.2,Forward number visit. Management specific seem center. Few edge notice me enough work side. Loss around interest hair weight major. Stay either across culture history could not.,Callahan-Newman,Harold Wolf,SHA3-512,8f329f6f6cfbd24fcbda7c3b69b44e7e64b0301a3799e71c3910bcf0dae56ed66d477a1d18342c3b2bd73deb5aa420aee20b4d556179be3169e9ae0ecf8e64f2,SHA3-256,6865754afe1388ab80bc5fa0402e268235ed4685a70a994192d1e231e31d3322,MIT-Modern-Variant,Community-Spec-1.0,Palmer-Mitchell,Wendy Buck,wspears@martinez.com,001-508-795-4929x28433,jones.org,pkg:pypi/candice@0.2.1,cpe:2.3:o:pacheco:toni:1.7.8:*:*:*:*:*
incubate ubiquitous functionalities,3.9.5,Trip vote not. Interesting Democrat recent success. Into guess perform out hundred stage western. Citizen bring anything ever that development.,"Walker, Marshall and Miles",Hannah Richards,SHA3-512,8f329f6f6cfbd24fcbda7c3b69b44e7e64b0301a3799e71c3910bcf0dae56ed66d477a1d18342c3b2bd73deb5aa420aee20b4d556179be3169e9ae0ecf8e64f2,SHA-1,13c8d9f4b6408a8eb5410ae01669b1b69673afec,SGI-B-2.0,BSD-4.3TAHOE,Tate-Murray,Jennifer Anderson,olsonpatricia@buchanan.info,001-504-530-6188x73800,hernandez.com,pkg:maven/paige@5.7.1,cpe:2.3:a:anderson:fernando:9.0.1:*:*:*:*:*
integrate granular web-readiness,8.9.0,Question sit move development party season heart. Impact himself my group. Coach race fight reality. Try event ability company final. Check value finish even rise always. Put activity trip method group three.,"Hopkins, Rowe and Flores",Mark Franklin,SHA3-512,8f329f6f6cfbd24fcbda7c3b69b44e7e64b0301a3799e71c3910bcf0dae56ed66d477a1d18342c3b2bd73deb5aa420aee20b4d556179be3169e9ae0ecf8e64f2,SHA3-512,8f329f6f6cfbd24fcbda7c3b69b44e7e64b0301a3799e71c3910bcf0dae56ed66d477a1d18342c3b2bd73deb5aa420aee20b4d556179be3169e9ae0ecf8e64f2,Gutmann,BSD-2-Clause-Darwin,"Brown, Calhoun and Graham",Kenneth Davis,pjohnson@howard.com,(237)993-0500x758,saunders.com,pkg:maven/margaret@2.0.2,cpe:2.3:o:mckenzie:james:6.6.4:*:*:*:*:*
optimize synergistic technologies,6.1.4,Believe cup product drive. Save large car prevent you care. Since stay television.,Lawrence-Hays,Steven Green,SHA-256,7967ae422bd2381b86b87dc8db4e5087c7b364e8c0b0bbe83f95bce47ec93ce1,MD5,e0f5ad1d32d109cfa98f7d59990f9a5f,Xnet,AGPL-1.0,Gomez-Lopez,Mark Sloan,david73@king.info,4417092024,jones-gonzalez.info,pkg:docker/glenn@9.7.4,cpe:2.3:h:hart:john:9.4.8:*:*:*:*:*
benchmark value-added web services,7.3.7,Others player along mind. Speech drop head behind under rise teach. Lead vote across. Color sort particular action include throw. Sister control high follow own budget Democrat concern. Store citizen really school.,Clark-Francis,Lucas Bowen,SHA-1,13c8d9f4b6408a8eb5410ae01669b1b69673afec,SHA-512,2fdd5aab1a7d99474b4a3916b046ed3e6f97ea8cec83424bf3c2735a1b9df3967254975a6d484db511468231a1448125e09973198202a138b3ef1a5301d5723c,Furuseth,CC-BY-SA-1.0,Davidson-Smith,Laura Miranda,meghan13@martinez.com,365-256-5722,ramirez-brown.org,pkg:pypi/victoria@1.7.6,cpe:2.3:o:jenkins:justin:5.3.5:*:*:*:*:*
facilitate collaborative functionalities,4.3.5,Stuff better character speak. Cell herself fact. Himself cultural finish five. Successful ago fund bad.,Garcia-Garcia,Kylie Hahn,MD5,e0f5ad1d32d109cfa98f7d59990f9a5f,SHA-512,2fdd5aab1a7d99474b4a3916b046ed3e6f97ea8cec83424bf3c2735a1b9df3967254975a6d484db511468231a1448125e09973198202a138b3ef1a5301d5723c,HPND-DEC,CFITSIO,"Pearson, Bauer and Davis",Dorothy Miller,gbrown@acevedo.info,593.361.8517,christian.org,pkg:maven/jennifer@3.5.9,cpe:2.3:o:nelson:corey:1.8.4:*:*:*:*:*
expedite seamless systems,0.8.7,Professor care support. Draw girl live song. Affect receive his. Condition pass check. Admit floor provide left discuss. Bad side environment rise door discuss material.,"Luna, Smith and Duffy",Daniel Vargas,SHA3-384,77c4b6f7e7e5082ed3bbe8e9457980de127957664bfa01387dfcab5b48d80518851c28adf9efd138c7479fb6ad816260,SHA-512,2fdd5aab1a7d99474b4a3916b046ed3e6f97ea8cec83424bf3c2735a1b9df3967254975a6d484db511468231a1448125e09973198202a138b3ef1a5301d5723c,X11,OFL-1.1-RFN,"Hunter, Miller and Myers",Donna Lewis,robertsonsara@palmer.net,374-818-1298x23109,perry-perry.com,pkg:golang/william@1.5.9,cpe:2.3:a:mcfarland:gabrielle:8.5.2:*:*:*:*:*
facilitate revolutionary initiatives,8.9.1,Loss safe participant wide down. None rate toward natural dark laugh last. Agree again certainly though discuss.,Collins and Sons,Sherri Ramirez MD,SHA-256,7967ae422bd2381b86b87dc8db4e5087c7b364e8c0b0bbe83f95bce47ec93ce1,SHA3-256,6865754afe1388ab80bc5fa0402e268235ed4685a70a994192d1e231e31d3322,MS-LPL,snprintf,Graham and Sons,Charles Ford,shannon59@henson-christian.com,293-565-6881x210,christensen-wong.com,pkg:npm/cynthia@8.8.3,cpe:2.3:h:miller:christina:7.1.3:*:*:*:*:*
revolutionize magnetic relationships,6.2.9,Ready prevent party could area view glass. Say light real better few guess. Early appear country service present. Popular threat manager take inside form wind power. Discuss politics color rather industry executive alone. Direction middle catch quickly behind.,Hood LLC,Jason Bowman,SHA3-512,8f329f6f6cfbd24fcbda7c3b69b44e7e64b0301a3799e71c3910bcf0dae56ed66d477a1d18342c3b2bd73deb5aa420aee20b4d556179be3169e9ae0ecf8e64f2,SHA-256,7967ae422bd2381b86b87dc8db4e5087c7b364e8c0b0bbe83f95bce47ec93ce1,CDDL-1.1,Cronyx,"Haley, Lopez and Hurley",Bradley Church,aelliott@davis.org,(606)928-4868,white-martinez.com,pkg:cargo/robert@6.4.6,cpe:2.3:h:flores:james:1.2.8:*:*:*:*:*
drive proactive users,6.2.6,Executive research they large win. While itself art whom inside. Heavy listen either. Nor industry chair within theory we. Dream western far difference sense every bank. Own final alone at this able.,Wood Ltd,Timothy Brooks,SHA-1,13c8d9f4b6408a8eb5410ae01669b1b69673afec,MD5,e0f5ad1d32d109cfa98f7d59990f9a5f,BSD-3-Clause-acpica,LPPL-1.3c,Larson-Johnson,Nathan Johnson,christinemaldonado@lindsey-stevenson.com,447.431.2337x2222,andrews-lindsey.info,pkg:npm/john@8.9.9,cpe:2.3:h:peterson:todd:5.4.4:*:*:*:*:*
streamline integrated metrics,5.9.7,International top purpose. Lawyer six history again choice. Building money city entire treatment shoulder cut. Himself help skill mouth show try. Gas look economic police evidence.,Hunter LLC,Eric Edwards,SHA-1,13c8d9f4b6408a8eb5410ae01669b1b69673afec,SHA-256,7967ae422bd2381b86b87dc8db4e5087c7b364e8c0b0bbe83f95bce47ec93ce1,NOSL,CC-BY-SA-2.0-UK,Romero PLC,Stacy Stanley,derek80@ramos.com,+1-411-951-4676x8786,cooke.net,pkg:maven/rhonda@1.2.4,cpe:2.3:h:melendez:debra:3.0.7:*:*:*:*:*
mesh holistic e-commerce,1.8.4,Green everyone student loss. Either what feel machine. Picture deal thank. Property wrong safe citizen letter low. Follow ten service.,"Lucero, Ross and Fowler",Mark Park,SHA-384,77a791dce874589e1def4c519fa52aafac4f9395d56c8682f62cd1b25137b01551081e1ceaaae54fd435a63af1559097,SHA-512,2fdd5aab1a7d99474b4a3916b046ed3e6f97ea8cec83424bf3c2735a1b9df3967254975a6d484db511468231a1448125e09973198202a138b3ef1a5301d5723c,SNIA,APL-1.0,Bailey LLC,Casey Allen,kenneth80@espinoza-edwards.com,909-367-8961x60807,fisher.com,pkg:npm/samuel@4.9.5,cpe:2.3:o:wiley:angela:0.1.5:*:*:*:*:*
harness B2C e-business,0.7.5,Part set more discussion more. They set message local. We lawyer leave surface industry plan. Home room give account view. Say discover owner style local clear job.,"Rhodes, Walters and Cruz",Bianca Thompson,SHA-1,13c8d9f4b6408a8eb5410ae01669b1b69673afec,SHA3-384,77c4b6f7e7e5082ed3bbe8e9457980de127957664bfa01387dfcab5b48d80518851c28adf9efd138c7479fb6ad816260,MITNFA,Boehm-GC,"George, Moore and Roberts",Lisa Stewart,whitney60@copeland-robinson.com,001-394-341-7236,horton.com,pkg:npm/david@0.6.3,cpe:2.3:h:wright:john:4.2.8:*:*:*:*:*
engineer synergistic partnerships,7.4.3,Maybe beyond space hot enter. But bag public fear really. If catch ever boy situation. None fire too because decision idea.,Terrell LLC,Daisy Montoya,SHA3-256,6865754afe1388ab80bc5fa0402e268235ed4685a70a994192d1e231e31d3322,SHA-1,13c8d9f4b6408a8eb5410ae01669b1b69673afec,SGI-OpenGL,EPL-2.0,Mendoza Group,Jesse Cox,jeffreyashley@anderson-hayes.com,261-967-7676,smith-elliott.net,pkg:pypi/linda@3.6.6,cpe:2.3:h:owens:theresa:8.8.1:*:*:*:*:*
repurpose visionary initiatives,5.8.4,From seek know movie. Future painting myself simple. Money recently long just for. Recently your city rule well well. Street religious wide trouble interview future unit. Appear nation this out artist race green.,Washington-Frye,Lisa Medina,SHA3-512,8f329f6f6cfbd24fcbda7c3b69b44e7e64b0301a3799e71c3910bcf0dae56ed66d477a1d18342c3b2bd73deb5aa420aee20b4d556179be3169e9ae0ecf8e64f2,SHA-256,7967ae422bd2381b86b87dc8db4e5087c7b364e8c0b0bbe83f95bce47ec93ce1,CNRI-Python,OpenSSL,"Brown, Murphy and Harrington",Jeffrey Thompson,calvin04@smith.org,+1-844-208-1956x771,kirby.com,pkg:npm/roger@5.4.3,cpe:2.3:a:white:benjamin:1.3.0:*:*:*:*:*
architect user-centric infrastructures,0.9.5,Police whose region book candidate. School power manage address focus design yet. Area enter admit seem. Order rather seven state event both economy condition. Friend star hold figure guy. Return scene those edge side dog factor agent.,Allen Group,William Lewis,SHA-384,77a791dce874589e1def4c519fa52aafac4f9395d56c8682f62cd1b25137b01551081e1ceaaae54fd435a63af1559097,SHA-256,7967ae422bd2381b86b87dc8db4e5087c7b364e8c0b0bbe83f95bce47ec93ce1,OSL-2.1,Xdebug-1.03,"Chen, Cole and Miranda",David Sims,james99@ross.com,2493377754,smith.com,pkg:docker/amanda@3.6.3,cpe:2.3:o:wood:natalie:3.1.4:*:*:*:*:*
mesh best-of-breed communities,0.3.8,Address paper heavy week never almost what recently. It compare special professor. Place receive against country team.,Ross Ltd,Harold Jensen,MD5,e0f5ad1d32d109cfa98f7d59990f9a5f,SHA-256,7967ae422bd2381b86b87dc8db4e5087c7b364e8c0b0bbe83f95bce47ec93ce1,MIT-Khronos-old,CERN-OHL-1.1,Jones LLC,Brandy Russo,nathaniel46@peck-hayes.biz,001-837-766-5776x0787,garcia-lopez.com,pkg:npm/nicholas@4.5.4,cpe:2.3:a:ellis:richard:7.2.2:*:*:*:*:*
re-contextualize innovative ROI,3.6.7,Site young under view difference leader. Sure college everything occur sell during. Bad sound at general.,Murphy-Moran,Michael Scott,SHA3-384,77c4b6f7e7e5082ed3bbe8e9457980de127957664bfa01387dfcab5b48d80518851c28adf9efd138c7479fb6ad816260,SHA3-256,6865754afe1388ab80bc5fa0402e268235ed4685a70a994192d1e231e31d3322,OFFIS,MIT-0,"Patel, Robinson and Sheppard",Sarah Meza,oliviajackson@ramos.com,398-363-5319,walker.net,pkg:maven/jeremy@8.1.6,cpe:2.3:a:edwards:james:5.6.5:*:*:*:*:*
incubate turn-key convergence,6.9.9,Paper name place. Wall bed kid employee. Second thought gas ball. Table pass miss fact. Forget television speech view political window during.,Morrow-Greene,Sonia Lloyd,SHA-1,13c8d9f4b6408a8eb5410ae01669b1b69673afec,SHA-256,7967ae422bd2381b86b87dc8db4e5087c7b364e8c0b0bbe83f95bce47ec93ce1,Motosoto,AML-glslang,Palmer-Williams,Erin Davis,deleonbarbara@pham.com,951-544-5439x73692,cohen.biz,pkg:npm/stephen@3.4.6,cpe:2.3:a:moody:kimberly:5.7.1:*:*:*:*:*
re-contextualize interactive e-tailers,3.7.6,Personal fight nice artist movie evening toward eye. Much center notice performance. Ball increase sport week letter detail enough. Left form when compare present popular activity. Recently no child.,Todd Group,Patricia Martin,SHA-1,13c8d9f4b6408a8eb5410ae01669b1b69673afec,MD5,e0f5ad1d32d109cfa98f7d59990f9a5f,LPPL-1.3c,BSD-3-Clause,Leon LLC,Patricia Kim,melissascott@burton-phillips.com,(874)271-8584x64266,taylor.org,pkg:docker/marie@7.6.5,cpe:2.3:h:jackson:brian:3.5.1:*:*:*:*:*
empower vertical info-mediaries,1.9.5,Nice bill eye movement total glass. Next air democratic old clear resource pay play. Best fear edge identify collection really. Avoid money weight total sport. Degree down ten will create arrive else. Money find manage happy seven send firm.,"Castillo, Foster and Elliott",Madeline Crane,SHA3-256,6865754afe1388ab80bc5fa0402e268235ed4685a70a994192d1e231e31d3322,SHA-1,13c8d9f4b6408a8eb5410ae01669b1b69673afec,EUDatagrid,MPEG-SSG,"Ross, Murray and Kaiser",Bryan Edwards,dominguezelizabeth@byrd.org,765-840-8090,garza.info,pkg:maven/david@6.4.0,cpe:2.3:o:sanchez:kimberly:2.9.2:*:*:*:*:*
evolve 24/7 networks,0.3.8,Way economy hope weight. Mention line skin floor response grow. His control measure open later type card. Inside blue as. Receive specific a data oil. Herself myself participant stop number miss.,Frazier-Vargas,Michelle Hill,SHA-256,7967ae422bd2381b86b87dc8db4e5087c7b364e8c0b0bbe83f95bce47ec93ce1,SHA3-512,8f329f6f6cfbd24fcbda7c3b69b44e7e64b0301a3799e71c3910bcf0dae56ed66d477a1d18342c3b2bd73deb5aa420aee20b4d556179be3169e9ae0ecf8e64f2,GFDL-1.1-invariants-only,OpenVision,"Roman, Allen and Wu",Kathleen Gomez,rodriguezreginald@vasquez-patterson.com,001-959-343-4006x247,franklin-murphy.com,pkg:npm/anna@5.4.4,cpe:2.3:h:park:jonathan:5.0.2:*:*:*:*:*
streamline 24/365 web-readiness,7.5.1,Finish action simple avoid official performance on fight. Anyone if suddenly church from head. Talk would detail item. Bag full western nothing player serve collection cause. Tough argue seek today. Six condition attack able quality star fast.,Rodriguez Inc,Robert Hernandez,MD5,e0f5ad1d32d109cfa98f7d59990f9a5f,SHA-256,7967ae422bd2381b86b87dc8db4e5087c7b364e8c0b0bbe83f95bce47ec93ce1,PostgreSQL,RSCPL,"Davis, Hubbard and Harper",Teresa Bennett,alice35@adams.com,353.460.8613,fleming.com,pkg:cargo/emma@8.3.1,cpe:2.3:h:williams:brian:7.5.5:*:*:*:*:*
streamline end-to-end e-services,0.2.6,Ability since minute for impact war ground. Three bit strategy Mrs employee exist develop. Near couple receive its security girl. Particularly third page listen threat able onto. Since range red continue rather school woman.,"Reed, Hatfield and Espinoza",Christopher Hurst MD,SHA-256,7967ae422bd2381b86b87dc8db4e5087c7b364e8c0b0bbe83f95bce47ec93ce1,SHA-1,13c8d9f4b6408a8eb5410ae01669b1b69673afec,BSD-2-Clause-Patent,OPUBL-1.0,"Johnson, Walker and Collins",Kathryn Moses DDS,tsanford@mills.com,5506704921,brooks.com,pkg:maven/joseph@8.5.1,cpe:2.3:o:franklin:ronald:6.2.5:*:*:*:*:*
reinvent bricks-and-clicks supply-chains,1.3.0,Stop hospital small matter thing. Hot edge spend. Special reach half whatever authority kind. Key ability much require.,Mathis Inc,Russell Moreno,SHA-512,2fdd5aab1a7d99474b4a3916b046ed3e6f97ea8cec83424bf3c2735a1b9df3967254975a6d484db511468231a1448125e09973198202a138b3ef1a5301d5723c,SHA-384,77a791dce874589e1def4c519fa52aafac4f9395d56c8682f62cd1b25137b01551081e1ceaaae54fd435a63af1559097,OAR,bcrypt-Solar-Designer,Castillo and Sons,Mr. Luke Ruiz,molson@baker-johnson.com,001-960-625-9458x10243,johnson.com,pkg:pypi/david@9.4.6,cpe:2.3:h:murphy:megan:5.3.8:*:*:*:*:*
enable dot-com e-business,5.5.0,Nothing girl high. Fly allow military student since best. Traditional main result huge alone might light. Near decade indicate local experience blood laugh. Wish it charge effort hand. Treatment officer teacher.,Montgomery-Hopkins,Angela Melendez,SHA-1,13c8d9f4b6408a8eb5410ae01669b1b69673afec,SHA3-256,6865754afe1388ab80bc5fa0402e268235ed4685a70a994192d1e231e31d3322,HPND-UC-export-US,Kastrup,"Atkins, Nelson and Nelson",Steven Brown,rsmith@martinez.com,(652)882-0713,williams.com,pkg:pypi/kevin@2.1.7,cpe:2.3:a:ford:john:0.9.3:*:*:*:*:*
redefine B2B schemas,7.4.4,Quickly far stand film opportunity. Show compare ago direction. Star source happen another.,Cruz and Sons,Brandon Potter,SHA-512,2fdd5aab1a7d99474b4a3916b046ed3e6f97ea8cec83424bf3c2735a1b9df3967254975a6d484db511468231a1448125e09973198202a138b3ef1a5301d5723c,SHA3-256,6865754afe1388ab80bc5fa0402e268235ed4685a70a994192d1e231e31d3322,CC-BY-ND-3.0,Sun-PPP,Mann PLC,Julie Nichols,smithbrian@wood-white.biz,972.787.9675x802,jackson-coleman.com,pkg:pypi/michelle@9.2.3,cpe:2.3:o:henderson:carla:1.3.3:*:*:*:*:*
harness world-class experiences,9.8.5,Season clearly structure. Leader idea take red. Statement when sister save compare real.,Berger-Jones,Andrew Walters,SHA-512,2fdd5aab1a7d99474b4a3916b046ed3e6f97ea8cec83424bf3c2735a1b9df3967254975a6d484db511468231a1448125e09973198202a138b3ef1a5301d5723c,SHA-1,13c8d9f4b6408a8eb5410ae01669b1b69673afec,SSH-OpenSSH,MIT-Wu,Parker-Carey,Tyler Adams,douglas95@bell.biz,(404)701-7963,ortiz.com,pkg:pypi/brandon@8.3.7,cpe:2.3:h:webb:katie:7.6.1:*:*:*:*:*
disintermediate B2B mindshare,2.6.2,Marriage myself site figure bill peace above deep. Day understand administration various. Traditional economic form. Available deep sing practice set every study travel. Turn key southern air able.,"Taylor, Griffin and Mccoy",Meghan Miller,SHA3-512,8f329f6f6cfbd24fcbda7c3b69b44e7e64b0301a3799e71c3910bcf0dae56ed66d477a1d18342c3b2bd73deb5aa420aee20b4d556179be3169e9ae0ecf8e64f2,MD5,e0f5ad1d32d109cfa98f7d59990f9a5f,Artistic-1.0-cl8,ODC-By-1.0,Brown Ltd,Melissa Rangel,alexanderheather@kelly.com,334-903-8046,williams-evans.com,pkg:maven/jennifer@7.4.3,cpe:2.3:o:smith:stanley:0.4.3:*:*:*:*:*
monetize strategic content,8.4.6,Score support person member hope environment shoulder. Model oil south wall while task despite. Else recent a guess trial still city management. Near production develop right.,Lowe Ltd,James White,SHA-1,13c8d9f4b6408a8eb5410ae01669b1b69673afec,SHA-512,2fdd5aab1a7d99474b4a3916b046ed3e6f97ea8cec83424bf3c2735a1b9df3967254975a6d484db511468231a1448125e09973198202a138b3ef1a5301d5723c,CECILL-1.1,HPND-doc-sell,Singleton-Lee,Chelsea Wilson,harrisrebecca@duarte-zhang.org,(384)858-5214,johnston-brady.com,pkg:cargo/christine@9.5.0,cpe:2.3:o:james:dominique:1.6.1:*:*:*:*:*
empower cross-media web services,8.9.7,She role top three. Tough write institution college customer practice. Experience subject sense structure. Run ahead worry amount. Sing no why lay admit somebody. How everybody quite.,"Davis, Chung and Gilmore",Lacey Gutierrez,SHA3-384,77c4b6f7e7e5082ed3bbe8e9457980de127957664bfa01387dfcab5b48d80518851c28adf9efd138c7479fb6ad816260,SHA-384,77a791dce874589e1def4c519fa52aafac4f9395d56c8682f62cd1b25137b01551081e1ceaaae54fd435a63af1559097,BSD-3-Clause-No-Nuclear-License-2014,CNRI-Python,Smith PLC,Tyler Alexander,leahdeleon@king.net,+1-900-255-8969x593,cook-mullins.com,pkg:docker/yvette@3.3.0,cpe:2.3:a:jordan:jacob:4.4.1:*:*:*:*:*
revolutionize best-of-breed methodologies,9.6.8,Area minute story even put. Gas physical close board watch. Benefit third perform coach. Good force program face clear picture course military.,Hughes Inc,Michelle Martinez,SHA3-384,77c4b6f7e7e5082ed3bbe8e9457980de127957664bfa01387dfcab5b48d80518851c28adf9efd138c7479fb6ad816260,SHA-384,77a791dce874589e1def4c519fa52aafac4f9395d56c8682f62cd1b25137b01551081e1ceaaae54fd435a63af1559097,pkgconf,SPL-1.0,"Allen, Wilson and Duncan",Louis Sanchez,penningtonsamuel@nichols-doyle.com,908.250.6494x399,williams.info,pkg:docker/michelle@8.2.0,cpe:2.3:h:banks:garrett:2.3.2:*:*:*:*:*
e-enable compelling relationships,2.6.2,Trouble deal sell senior officer. Call play clear. Cost rather near serve whether.,"Reese, Velazquez and Freeman",Hannah Russell,SHA3-384,77c4b6f7e7e5082ed3bbe8e9457980de127957664bfa01387dfcab5b48d80518851c28adf9efd138c7479fb6ad816260,SHA-1,13c8d9f4b6408a8eb5410ae01669b1b69673afec,StandardML-NJ,checkmk,"Roberts, Thomas and Hudson",Karen Goodwin,bradshawrobert@mullins.net,(477)505-5871x47099,burns.com,pkg:pypi/andrea@4.2.3,cpe:2.3:a:lane:lauren:9.1.5:*:*:*:*:*
synergize synergistic communities,3.2.9,Rise interview tree suddenly. Industry condition collection issue. My light follow sea rate at. West final security cover address memory account particularly. Agreement glass water book ability.,"Ray, Wells and Morales",Amanda Johnson,SHA3-384,77c4b6f7e7e5082ed3bbe8e9457980de127957664bfa01387dfcab5b48d80518851c28adf9efd138c7479fb6ad816260,SHA3-256,6865754afe1388ab80bc5fa0402e268235ed4685a70a994192d1e231e31d3322,CC-BY-3.0-AU,CC-BY-NC-3.0-DE,Wagner and Sons,James Ball,chendavid@dyer.info,5175366504,brown.com,pkg:npm/courtney@9.9.4,cpe:2.3:o:sanders:jason:7.7.0:*:*:*:*:*
extend rich experiences,5.2.5,Apply recognize officer conference half. Benefit maintain ground inside short trouble second. Physical understand house third art fly reflect.,Burton Inc,David Malone,SHA-1,13c8d9f4b6408a8eb5410ae01669b1b69673afec,SHA-1,13c8d9f4b6408a8eb5410ae01669b1b69673afec,Naumen,UnixCrypt,"Williams, Parker and Marshall",Jonathan Welch,robinsonvanessa@carter.biz,+1-573-669-7623x536,lambert.net,pkg:cargo/monica@8.3.8,cpe:2.3:o:park:jeffrey:2.8.9:*:*:*:*:*
